{"level":"INFO","message":"[4:10:58.743 PM]: Creating new connection object"}
{"level":"INFO","message":"[4:10:58.766 PM]: Creating Connection[id: 427a5583-6e0a-4d4f-a5b5-19f282e23e00] with host: MVNNXMB-IX26326.snowflakecomputing.com, account: MVNNXMB-IX26326, accessUrl: https://MVNNXMB-IX26326.snowflakecomputing.com, user: KANAKPALIWAL, role: undefined, database: LOGINDETAILS, schema: PUBLIC, warehouse: COMPUTE_WH, proxy was not configured, password is provided, region: undefined, authenticator: SNOWFLAKE, ocsp mode: FAIL_OPEN, os: win32, os version: 10.0.19045"}
{"level":"INFO","message":"[4:10:58.767 PM]: Connection[id: 427a5583-6e0a-4d4f-a5b5-19f282e23e00] additional details: passcode in password is provided, passcode is not provided, private key is not provided, application: undefined, client name: snowflake-sdk, client version: 2.4.1, retry timeout: 300, private key path: undefined, private key pass is not provided, client store temporary credential: false, browser response timeout: 120000"}
{"level":"INFO","message":"[4:10:58.768 PM]: Connection[id: 427a5583-6e0a-4d4f-a5b5-19f282e23e00] - connection object created successfully."}
{"level":"INFO","message":"[4:10:58.769 PM]: Connection[id: 427a5583-6e0a-4d4f-a5b5-19f282e23e00] - async connecting. Associated Snowflake domain: GLOBAL"}
{"level":"INFO","message":"[4:10:58.770 PM]: Trying to initialize Easy Logging"}
{"level":"INFO","message":"[4:10:58.792 PM]: No client config detected."}
{"level":"INFO","message":"[4:10:58.793 PM]: No config file path found. Client config will not be used."}
{"level":"INFO","message":"[4:10:58.793 PM]: Easy Logging is disabled as no config has been found"}
{"level":"INFO","message":"[4:10:58.793 PM]: Connection[id: 427a5583-6e0a-4d4f-a5b5-19f282e23e00] - authentication successful using: SNOWFLAKE"}
{"level":"INFO","message":"[4:11:03.043 PM]: Connection[id: 427a5583-6e0a-4d4f-a5b5-19f282e23e00] - connection established successfully after 4274.08 milliseconds"}
{"level":"INFO","message":"[4:11:28.669 PM]: Creating new connection object"}
{"level":"INFO","message":"[4:11:28.687 PM]: Creating Connection[id: edcff761-c240-4db3-8e1d-58138fbca18f] with host: MVNNXMB-IX26326.snowflakecomputing.com, account: MVNNXMB-IX26326, accessUrl: https://MVNNXMB-IX26326.snowflakecomputing.com, user: KANAKPALIWAL, role: undefined, database: LOGINDETAILS, schema: PUBLIC, warehouse: COMPUTE_WH, proxy was not configured, password is provided, region: undefined, authenticator: SNOWFLAKE, ocsp mode: FAIL_OPEN, os: win32, os version: 10.0.19045"}
{"level":"INFO","message":"[4:11:28.687 PM]: Connection[id: edcff761-c240-4db3-8e1d-58138fbca18f] additional details: passcode in password is provided, passcode is not provided, private key is not provided, application: undefined, client name: snowflake-sdk, client version: 2.4.1, retry timeout: 300, private key path: undefined, private key pass is not provided, client store temporary credential: false, browser response timeout: 120000"}
{"level":"INFO","message":"[4:11:28.689 PM]: Connection[id: edcff761-c240-4db3-8e1d-58138fbca18f] - connection object created successfully."}
{"level":"INFO","message":"[4:11:28.690 PM]: Connection[id: edcff761-c240-4db3-8e1d-58138fbca18f] - async connecting. Associated Snowflake domain: GLOBAL"}
{"level":"INFO","message":"[4:11:28.691 PM]: Trying to initialize Easy Logging"}
{"level":"INFO","message":"[4:11:28.709 PM]: No client config detected."}
{"level":"INFO","message":"[4:11:28.710 PM]: No config file path found. Client config will not be used."}
{"level":"INFO","message":"[4:11:28.710 PM]: Easy Logging is disabled as no config has been found"}
{"level":"INFO","message":"[4:11:28.711 PM]: Connection[id: edcff761-c240-4db3-8e1d-58138fbca18f] - authentication successful using: SNOWFLAKE"}
{"level":"INFO","message":"[4:11:31.200 PM]: Connection[id: edcff761-c240-4db3-8e1d-58138fbca18f] - connection established successfully after 2510.39 milliseconds"}
{"level":"INFO","message":"[4:19:23.323 PM]: Creating new connection object"}
{"level":"INFO","message":"[4:19:23.341 PM]: Creating Connection[id: aacc1bb4-3242-4706-ad0f-9e0bbc73dde0] with host: MVNNXMB-IX26326.snowflakecomputing.com, account: MVNNXMB-IX26326, accessUrl: https://MVNNXMB-IX26326.snowflakecomputing.com, user: KANAKPALIWAL, role: undefined, database: LOGINDETAILS, schema: PUBLIC, warehouse: COMPUTE_WH, proxy was not configured, password is provided, region: undefined, authenticator: SNOWFLAKE, ocsp mode: FAIL_OPEN, os: win32, os version: 10.0.19045"}
{"level":"INFO","message":"[4:19:23.341 PM]: Connection[id: aacc1bb4-3242-4706-ad0f-9e0bbc73dde0] additional details: passcode in password is provided, passcode is not provided, private key is not provided, application: undefined, client name: snowflake-sdk, client version: 2.4.1, retry timeout: 300, private key path: undefined, private key pass is not provided, client store temporary credential: false, browser response timeout: 120000"}
{"level":"INFO","message":"[4:19:23.342 PM]: Connection[id: aacc1bb4-3242-4706-ad0f-9e0bbc73dde0] - connection object created successfully."}
{"level":"INFO","message":"[4:19:23.343 PM]: Connection[id: aacc1bb4-3242-4706-ad0f-9e0bbc73dde0] - async connecting. Associated Snowflake domain: GLOBAL"}
{"level":"INFO","message":"[4:19:23.343 PM]: Trying to initialize Easy Logging"}
{"level":"INFO","message":"[4:19:23.363 PM]: No client config detected."}
{"level":"INFO","message":"[4:19:23.363 PM]: No config file path found. Client config will not be used."}
{"level":"INFO","message":"[4:19:23.363 PM]: Easy Logging is disabled as no config has been found"}
{"level":"INFO","message":"[4:19:23.364 PM]: Connection[id: aacc1bb4-3242-4706-ad0f-9e0bbc73dde0] - authentication successful using: SNOWFLAKE"}
{"level":"INFO","message":"[4:19:25.525 PM]: Connection[id: aacc1bb4-3242-4706-ad0f-9e0bbc73dde0] - connection established successfully after 2182.66 milliseconds"}
{"level":"INFO","message":"[4:19:51.553 PM]: Creating new connection object"}
{"level":"INFO","message":"[4:19:51.569 PM]: Creating Connection[id: 66cbc5ac-27ab-4fae-a71d-8e1846ef7e45] with host: MVNNXMB-IX26326.snowflakecomputing.com, account: MVNNXMB-IX26326, accessUrl: https://MVNNXMB-IX26326.snowflakecomputing.com, user: KANAKPALIWAL, role: undefined, database: LOGINDETAILS, schema: PUBLIC, warehouse: COMPUTE_WH, proxy was not configured, password is provided, region: undefined, authenticator: SNOWFLAKE, ocsp mode: FAIL_OPEN, os: win32, os version: 10.0.19045"}
{"level":"INFO","message":"[4:19:51.570 PM]: Connection[id: 66cbc5ac-27ab-4fae-a71d-8e1846ef7e45] additional details: passcode in password is provided, passcode is not provided, private key is not provided, application: undefined, client name: snowflake-sdk, client version: 2.4.1, retry timeout: 300, private key path: undefined, private key pass is not provided, client store temporary credential: false, browser response timeout: 120000"}
{"level":"INFO","message":"[4:19:51.571 PM]: Connection[id: 66cbc5ac-27ab-4fae-a71d-8e1846ef7e45] - connection object created successfully."}
{"level":"INFO","message":"[4:19:51.571 PM]: Connection[id: 66cbc5ac-27ab-4fae-a71d-8e1846ef7e45] - async connecting. Associated Snowflake domain: GLOBAL"}
{"level":"INFO","message":"[4:19:51.572 PM]: Trying to initialize Easy Logging"}
{"level":"INFO","message":"[4:19:51.590 PM]: No client config detected."}
{"level":"INFO","message":"[4:19:51.591 PM]: No config file path found. Client config will not be used."}
{"level":"INFO","message":"[4:19:51.591 PM]: Easy Logging is disabled as no config has been found"}
{"level":"INFO","message":"[4:19:51.592 PM]: Connection[id: 66cbc5ac-27ab-4fae-a71d-8e1846ef7e45] - authentication successful using: SNOWFLAKE"}
{"level":"INFO","message":"[4:19:53.374 PM]: Connection[id: 66cbc5ac-27ab-4fae-a71d-8e1846ef7e45] - connection established successfully after 1802.14 milliseconds"}
{"level":"INFO","message":"[4:20:29.812 PM]: Creating new connection object"}
{"level":"INFO","message":"[4:20:29.829 PM]: Creating Connection[id: 2352343c-c6cf-4c73-82b5-ca92fcc79cd3] with host: MVNNXMB-IX26326.snowflakecomputing.com, account: MVNNXMB-IX26326, accessUrl: https://MVNNXMB-IX26326.snowflakecomputing.com, user: KANAKPALIWAL, role: undefined, database: LOGINDETAILS, schema: PUBLIC, warehouse: COMPUTE_WH, proxy was not configured, password is provided, region: undefined, authenticator: SNOWFLAKE, ocsp mode: FAIL_OPEN, os: win32, os version: 10.0.19045"}
{"level":"INFO","message":"[4:20:29.830 PM]: Connection[id: 2352343c-c6cf-4c73-82b5-ca92fcc79cd3] additional details: passcode in password is provided, passcode is not provided, private key is not provided, application: undefined, client name: snowflake-sdk, client version: 2.4.1, retry timeout: 300, private key path: undefined, private key pass is not provided, client store temporary credential: false, browser response timeout: 120000"}
{"level":"INFO","message":"[4:20:29.831 PM]: Connection[id: 2352343c-c6cf-4c73-82b5-ca92fcc79cd3] - connection object created successfully."}
{"level":"INFO","message":"[4:20:29.832 PM]: Connection[id: 2352343c-c6cf-4c73-82b5-ca92fcc79cd3] - async connecting. Associated Snowflake domain: GLOBAL"}
{"level":"INFO","message":"[4:20:29.833 PM]: Trying to initialize Easy Logging"}
{"level":"INFO","message":"[4:20:29.851 PM]: No client config detected."}
{"level":"INFO","message":"[4:20:29.851 PM]: No config file path found. Client config will not be used."}
{"level":"INFO","message":"[4:20:29.852 PM]: Easy Logging is disabled as no config has been found"}
{"level":"INFO","message":"[4:20:29.853 PM]: Connection[id: 2352343c-c6cf-4c73-82b5-ca92fcc79cd3] - authentication successful using: SNOWFLAKE"}
{"level":"INFO","message":"[4:20:32.319 PM]: Connection[id: 2352343c-c6cf-4c73-82b5-ca92fcc79cd3] - connection established successfully after 2486.8 milliseconds"}
{"level":"INFO","message":"[4:20:38.579 PM]: Creating new connection object"}
{"level":"INFO","message":"[4:20:38.597 PM]: Creating Connection[id: 396ba049-c9d0-46c0-bf32-a92da040530c] with host: MVNNXMB-IX26326.snowflakecomputing.com, account: MVNNXMB-IX26326, accessUrl: https://MVNNXMB-IX26326.snowflakecomputing.com, user: KANAKPALIWAL, role: undefined, database: LOGINDETAILS, schema: PUBLIC, warehouse: COMPUTE_WH, proxy was not configured, password is provided, region: undefined, authenticator: SNOWFLAKE, ocsp mode: FAIL_OPEN, os: win32, os version: 10.0.19045"}
{"level":"INFO","message":"[4:20:38.597 PM]: Connection[id: 396ba049-c9d0-46c0-bf32-a92da040530c] additional details: passcode in password is provided, passcode is not provided, private key is not provided, application: undefined, client name: snowflake-sdk, client version: 2.4.1, retry timeout: 300, private key path: undefined, private key pass is not provided, client store temporary credential: false, browser response timeout: 120000"}
{"level":"INFO","message":"[4:20:38.598 PM]: Connection[id: 396ba049-c9d0-46c0-bf32-a92da040530c] - connection object created successfully."}
{"level":"INFO","message":"[4:20:38.599 PM]: Connection[id: 396ba049-c9d0-46c0-bf32-a92da040530c] - async connecting. Associated Snowflake domain: GLOBAL"}
{"level":"INFO","message":"[4:20:38.600 PM]: Trying to initialize Easy Logging"}
{"level":"INFO","message":"[4:20:38.621 PM]: No client config detected."}
{"level":"INFO","message":"[4:20:38.622 PM]: No config file path found. Client config will not be used."}
{"level":"INFO","message":"[4:20:38.622 PM]: Easy Logging is disabled as no config has been found"}
{"level":"INFO","message":"[4:20:38.622 PM]: Connection[id: 396ba049-c9d0-46c0-bf32-a92da040530c] - authentication successful using: SNOWFLAKE"}
{"level":"INFO","message":"[4:20:41.344 PM]: Creating new connection object"}
{"level":"INFO","message":"[4:20:41.359 PM]: Creating Connection[id: 0f1fb7d1-922c-49c0-a120-6f03716b192e] with host: MVNNXMB-IX26326.snowflakecomputing.com, account: MVNNXMB-IX26326, accessUrl: https://MVNNXMB-IX26326.snowflakecomputing.com, user: KANAKPALIWAL, role: undefined, database: LOGINDETAILS, schema: PUBLIC, warehouse: COMPUTE_WH, proxy was not configured, password is provided, region: undefined, authenticator: SNOWFLAKE, ocsp mode: FAIL_OPEN, os: win32, os version: 10.0.19045"}
{"level":"INFO","message":"[4:20:41.360 PM]: Connection[id: 0f1fb7d1-922c-49c0-a120-6f03716b192e] additional details: passcode in password is provided, passcode is not provided, private key is not provided, application: undefined, client name: snowflake-sdk, client version: 2.4.1, retry timeout: 300, private key path: undefined, private key pass is not provided, client store temporary credential: false, browser response timeout: 120000"}
{"level":"INFO","message":"[4:20:41.360 PM]: Connection[id: 0f1fb7d1-922c-49c0-a120-6f03716b192e] - connection object created successfully."}
{"level":"INFO","message":"[4:20:41.361 PM]: Connection[id: 0f1fb7d1-922c-49c0-a120-6f03716b192e] - async connecting. Associated Snowflake domain: GLOBAL"}
{"level":"INFO","message":"[4:20:41.362 PM]: Trying to initialize Easy Logging"}
{"level":"INFO","message":"[4:20:41.380 PM]: No client config detected."}
{"level":"INFO","message":"[4:20:41.380 PM]: No config file path found. Client config will not be used."}
{"level":"INFO","message":"[4:20:41.381 PM]: Easy Logging is disabled as no config has been found"}
{"level":"INFO","message":"[4:20:41.381 PM]: Connection[id: 0f1fb7d1-922c-49c0-a120-6f03716b192e] - authentication successful using: SNOWFLAKE"}
{"level":"INFO","message":"[4:20:44.264 PM]: Connection[id: 0f1fb7d1-922c-49c0-a120-6f03716b192e] - connection established successfully after 2902.41 milliseconds"}
{"level":"INFO","message":"[4:21:00.114 PM]: Creating new connection object"}
{"level":"INFO","message":"[4:21:00.138 PM]: Creating Connection[id: d6193b2d-ed15-48e3-9e81-911bbab84e4b] with host: MVNNXMB-IX26326.snowflakecomputing.com, account: MVNNXMB-IX26326, accessUrl: https://MVNNXMB-IX26326.snowflakecomputing.com, user: KANAKPALIWAL, role: undefined, database: LOGINDETAILS, schema: PUBLIC, warehouse: COMPUTE_WH, proxy was not configured, password is provided, region: undefined, authenticator: SNOWFLAKE, ocsp mode: FAIL_OPEN, os: win32, os version: 10.0.19045"}
{"level":"INFO","message":"[4:21:00.139 PM]: Connection[id: d6193b2d-ed15-48e3-9e81-911bbab84e4b] additional details: passcode in password is provided, passcode is not provided, private key is not provided, application: undefined, client name: snowflake-sdk, client version: 2.4.1, retry timeout: 300, private key path: undefined, private key pass is not provided, client store temporary credential: false, browser response timeout: 120000"}
{"level":"INFO","message":"[4:21:00.141 PM]: Connection[id: d6193b2d-ed15-48e3-9e81-911bbab84e4b] - connection object created successfully."}
{"level":"INFO","message":"[4:21:00.143 PM]: Connection[id: d6193b2d-ed15-48e3-9e81-911bbab84e4b] - async connecting. Associated Snowflake domain: GLOBAL"}
{"level":"INFO","message":"[4:21:00.144 PM]: Trying to initialize Easy Logging"}
{"level":"INFO","message":"[4:21:00.174 PM]: No client config detected."}
{"level":"INFO","message":"[4:21:00.175 PM]: No config file path found. Client config will not be used."}
{"level":"INFO","message":"[4:21:00.175 PM]: Easy Logging is disabled as no config has been found"}
{"level":"INFO","message":"[4:21:00.176 PM]: Connection[id: d6193b2d-ed15-48e3-9e81-911bbab84e4b] - authentication successful using: SNOWFLAKE"}
{"level":"INFO","message":"[4:21:01.771 PM]: Connection[id: d6193b2d-ed15-48e3-9e81-911bbab84e4b] - connection established successfully after 1627.87 milliseconds"}
{"level":"INFO","message":"[4:36:44.936 PM]: Creating new connection object"}
{"level":"INFO","message":"[4:36:44.955 PM]: Creating Connection[id: dc0c5aeb-83d5-40ad-8fa6-495adc25de20] with host: MVNNXMB-IX26326.snowflakecomputing.com, account: MVNNXMB-IX26326, accessUrl: https://MVNNXMB-IX26326.snowflakecomputing.com, user: KANAKPALIWAL, role: undefined, database: LOGINDETAILS, schema: PUBLIC, warehouse: COMPUTE_WH, proxy was not configured, password is provided, region: undefined, authenticator: SNOWFLAKE, ocsp mode: FAIL_OPEN, os: win32, os version: 10.0.19045"}
{"level":"INFO","message":"[4:36:44.955 PM]: Connection[id: dc0c5aeb-83d5-40ad-8fa6-495adc25de20] additional details: passcode in password is provided, passcode is not provided, private key is not provided, application: undefined, client name: snowflake-sdk, client version: 2.4.1, retry timeout: 300, private key path: undefined, private key pass is not provided, client store temporary credential: false, browser response timeout: 120000"}
{"level":"INFO","message":"[4:36:44.956 PM]: Connection[id: dc0c5aeb-83d5-40ad-8fa6-495adc25de20] - connection object created successfully."}
{"level":"INFO","message":"[4:36:44.957 PM]: Connection[id: dc0c5aeb-83d5-40ad-8fa6-495adc25de20] - async connecting. Associated Snowflake domain: GLOBAL"}
{"level":"INFO","message":"[4:36:44.957 PM]: Trying to initialize Easy Logging"}
{"level":"INFO","message":"[4:36:44.975 PM]: No client config detected."}
{"level":"INFO","message":"[4:36:44.975 PM]: No config file path found. Client config will not be used."}
{"level":"INFO","message":"[4:36:44.976 PM]: Easy Logging is disabled as no config has been found"}
{"level":"INFO","message":"[4:36:44.976 PM]: Connection[id: dc0c5aeb-83d5-40ad-8fa6-495adc25de20] - authentication successful using: SNOWFLAKE"}
{"level":"INFO","message":"[4:36:47.599 PM]: Connection[id: dc0c5aeb-83d5-40ad-8fa6-495adc25de20] - connection established successfully after 2642.2 milliseconds"}
{"level":"INFO","message":"[4:42:17.727 PM]: Creating new connection object"}
{"level":"INFO","message":"[4:42:17.749 PM]: Creating Connection[id: b8aff816-7700-4734-bec8-1e7fbbff174d] with host: MVNNXMB-IX26326.snowflakecomputing.com, account: MVNNXMB-IX26326, accessUrl: https://MVNNXMB-IX26326.snowflakecomputing.com, user: KANAKPALIWAL, role: undefined, database: LOGINDETAILS, schema: PUBLIC, warehouse: COMPUTE_WH, proxy was not configured, password is provided, region: undefined, authenticator: SNOWFLAKE, ocsp mode: FAIL_OPEN, os: win32, os version: 10.0.19045"}
{"level":"INFO","message":"[4:42:17.750 PM]: Connection[id: b8aff816-7700-4734-bec8-1e7fbbff174d] additional details: passcode in password is provided, passcode is not provided, private key is not provided, application: undefined, client name: snowflake-sdk, client version: 2.4.1, retry timeout: 300, private key path: undefined, private key pass is not provided, client store temporary credential: false, browser response timeout: 120000"}
{"level":"INFO","message":"[4:42:17.751 PM]: Connection[id: b8aff816-7700-4734-bec8-1e7fbbff174d] - connection object created successfully."}
{"level":"INFO","message":"[4:42:17.752 PM]: Connection[id: b8aff816-7700-4734-bec8-1e7fbbff174d] - async connecting. Associated Snowflake domain: GLOBAL"}
{"level":"INFO","message":"[4:42:17.753 PM]: Trying to initialize Easy Logging"}
{"level":"INFO","message":"[4:42:17.775 PM]: No client config detected."}
{"level":"INFO","message":"[4:42:17.775 PM]: No config file path found. Client config will not be used."}
{"level":"INFO","message":"[4:42:17.776 PM]: Easy Logging is disabled as no config has been found"}
{"level":"INFO","message":"[4:42:17.776 PM]: Connection[id: b8aff816-7700-4734-bec8-1e7fbbff174d] - authentication successful using: SNOWFLAKE"}
{"level":"INFO","message":"[4:42:20.609 PM]: Connection[id: b8aff816-7700-4734-bec8-1e7fbbff174d] - connection established successfully after 2857.4 milliseconds"}
{"level":"INFO","message":"[4:43:10.578 PM]: Creating new connection object"}
{"level":"INFO","message":"[4:43:10.594 PM]: Creating Connection[id: 944970ce-5f49-483b-b134-4298a450c05a] with host: MVNNXMB-IX26326.snowflakecomputing.com, account: MVNNXMB-IX26326, accessUrl: https://MVNNXMB-IX26326.snowflakecomputing.com, user: KANAKPALIWAL, role: undefined, database: LOGINDETAILS, schema: PUBLIC, warehouse: COMPUTE_WH, proxy was not configured, password is provided, region: undefined, authenticator: SNOWFLAKE, ocsp mode: FAIL_OPEN, os: win32, os version: 10.0.19045"}
{"level":"INFO","message":"[4:43:10.595 PM]: Connection[id: 944970ce-5f49-483b-b134-4298a450c05a] additional details: passcode in password is provided, passcode is not provided, private key is not provided, application: undefined, client name: snowflake-sdk, client version: 2.4.1, retry timeout: 300, private key path: undefined, private key pass is not provided, client store temporary credential: false, browser response timeout: 120000"}
{"level":"INFO","message":"[4:43:10.595 PM]: Connection[id: 944970ce-5f49-483b-b134-4298a450c05a] - connection object created successfully."}
{"level":"INFO","message":"[4:43:10.596 PM]: Connection[id: 944970ce-5f49-483b-b134-4298a450c05a] - async connecting. Associated Snowflake domain: GLOBAL"}
{"level":"INFO","message":"[4:43:10.597 PM]: Trying to initialize Easy Logging"}
{"level":"INFO","message":"[4:43:10.615 PM]: No client config detected."}
{"level":"INFO","message":"[4:43:10.615 PM]: No config file path found. Client config will not be used."}
{"level":"INFO","message":"[4:43:10.616 PM]: Easy Logging is disabled as no config has been found"}
{"level":"INFO","message":"[4:43:10.617 PM]: Connection[id: 944970ce-5f49-483b-b134-4298a450c05a] - authentication successful using: SNOWFLAKE"}
{"level":"INFO","message":"[4:43:13.258 PM]: Connection[id: 944970ce-5f49-483b-b134-4298a450c05a] - connection established successfully after 2661.61 milliseconds"}
{"level":"INFO","message":"[4:45:10.741 PM]: Creating new connection object"}
{"level":"INFO","message":"[4:45:10.760 PM]: Creating Connection[id: e5c4ed81-cfa2-468d-b593-127b04ea1e19] with host: MVNNXMB-IX26326.snowflakecomputing.com, account: MVNNXMB-IX26326, accessUrl: https://MVNNXMB-IX26326.snowflakecomputing.com, user: KANAKPALIWAL, role: undefined, database: LOGINDETAILS, schema: PUBLIC, warehouse: COMPUTE_WH, proxy was not configured, password is provided, region: undefined, authenticator: SNOWFLAKE, ocsp mode: FAIL_OPEN, os: win32, os version: 10.0.19045"}
{"level":"INFO","message":"[4:45:10.760 PM]: Connection[id: e5c4ed81-cfa2-468d-b593-127b04ea1e19] additional details: passcode in password is provided, passcode is not provided, private key is not provided, application: undefined, client name: snowflake-sdk, client version: 2.4.1, retry timeout: 300, private key path: undefined, private key pass is not provided, client store temporary credential: false, browser response timeout: 120000"}
{"level":"INFO","message":"[4:45:10.761 PM]: Connection[id: e5c4ed81-cfa2-468d-b593-127b04ea1e19] - connection object created successfully."}
{"level":"INFO","message":"[4:45:10.762 PM]: Connection[id: e5c4ed81-cfa2-468d-b593-127b04ea1e19] - async connecting. Associated Snowflake domain: GLOBAL"}
{"level":"INFO","message":"[4:45:10.763 PM]: Trying to initialize Easy Logging"}
{"level":"INFO","message":"[4:45:10.786 PM]: No client config detected."}
{"level":"INFO","message":"[4:45:10.787 PM]: No config file path found. Client config will not be used."}
{"level":"INFO","message":"[4:45:10.787 PM]: Easy Logging is disabled as no config has been found"}
{"level":"INFO","message":"[4:45:10.788 PM]: Connection[id: e5c4ed81-cfa2-468d-b593-127b04ea1e19] - authentication successful using: SNOWFLAKE"}
{"level":"INFO","message":"[4:45:14.112 PM]: Connection[id: e5c4ed81-cfa2-468d-b593-127b04ea1e19] - connection established successfully after 3349.61 milliseconds"}
{"level":"INFO","message":"[4:46:32.556 PM]: Creating new connection object"}
{"level":"INFO","message":"[4:46:32.573 PM]: Creating Connection[id: f643bbe7-47a9-4436-8e93-019d7475d438] with host: MVNNXMB-IX26326.snowflakecomputing.com, account: MVNNXMB-IX26326, accessUrl: https://MVNNXMB-IX26326.snowflakecomputing.com, user: KANAKPALIWAL, role: undefined, database: LOGINDETAILS, schema: PUBLIC, warehouse: COMPUTE_WH, proxy was not configured, password is provided, region: undefined, authenticator: SNOWFLAKE, ocsp mode: FAIL_OPEN, os: win32, os version: 10.0.19045"}
{"level":"INFO","message":"[4:46:32.573 PM]: Connection[id: f643bbe7-47a9-4436-8e93-019d7475d438] additional details: passcode in password is provided, passcode is not provided, private key is not provided, application: undefined, client name: snowflake-sdk, client version: 2.4.1, retry timeout: 300, private key path: undefined, private key pass is not provided, client store temporary credential: false, browser response timeout: 120000"}
{"level":"INFO","message":"[4:46:32.574 PM]: Connection[id: f643bbe7-47a9-4436-8e93-019d7475d438] - connection object created successfully."}
{"level":"INFO","message":"[4:46:32.575 PM]: Connection[id: f643bbe7-47a9-4436-8e93-019d7475d438] - async connecting. Associated Snowflake domain: GLOBAL"}
{"level":"INFO","message":"[4:46:32.575 PM]: Trying to initialize Easy Logging"}
{"level":"INFO","message":"[4:46:32.594 PM]: No client config detected."}
{"level":"INFO","message":"[4:46:32.595 PM]: No config file path found. Client config will not be used."}
{"level":"INFO","message":"[4:46:32.595 PM]: Easy Logging is disabled as no config has been found"}
{"level":"INFO","message":"[4:46:32.596 PM]: Connection[id: f643bbe7-47a9-4436-8e93-019d7475d438] - authentication successful using: SNOWFLAKE"}
{"level":"INFO","message":"[4:46:35.075 PM]: Connection[id: f643bbe7-47a9-4436-8e93-019d7475d438] - connection established successfully after 2499.67 milliseconds"}
{"level":"INFO","message":"[4:47:05.840 PM]: Creating new connection object"}
{"level":"INFO","message":"[4:47:05.863 PM]: Creating Connection[id: ca40805a-af26-41f5-a964-e41d69d18b18] with host: MVNNXMB-IX26326.snowflakecomputing.com, account: MVNNXMB-IX26326, accessUrl: https://MVNNXMB-IX26326.snowflakecomputing.com, user: KANAKPALIWAL, role: undefined, database: LOGINDETAILS, schema: PUBLIC, warehouse: COMPUTE_WH, proxy was not configured, password is provided, region: undefined, authenticator: SNOWFLAKE, ocsp mode: FAIL_OPEN, os: win32, os version: 10.0.19045"}
{"level":"INFO","message":"[4:47:05.864 PM]: Connection[id: ca40805a-af26-41f5-a964-e41d69d18b18] additional details: passcode in password is provided, passcode is not provided, private key is not provided, application: undefined, client name: snowflake-sdk, client version: 2.4.1, retry timeout: 300, private key path: undefined, private key pass is not provided, client store temporary credential: false, browser response timeout: 120000"}
{"level":"INFO","message":"[4:47:05.865 PM]: Connection[id: ca40805a-af26-41f5-a964-e41d69d18b18] - connection object created successfully."}
{"level":"INFO","message":"[4:47:05.867 PM]: Connection[id: ca40805a-af26-41f5-a964-e41d69d18b18] - async connecting. Associated Snowflake domain: GLOBAL"}
{"level":"INFO","message":"[4:47:05.868 PM]: Trying to initialize Easy Logging"}
{"level":"INFO","message":"[4:47:05.892 PM]: No client config detected."}
{"level":"INFO","message":"[4:47:05.892 PM]: No config file path found. Client config will not be used."}
{"level":"INFO","message":"[4:47:05.893 PM]: Easy Logging is disabled as no config has been found"}
{"level":"INFO","message":"[4:47:05.893 PM]: Connection[id: ca40805a-af26-41f5-a964-e41d69d18b18] - authentication successful using: SNOWFLAKE"}
{"level":"INFO","message":"[4:47:08.269 PM]: Connection[id: ca40805a-af26-41f5-a964-e41d69d18b18] - connection established successfully after 2402.64 milliseconds"}
{"level":"INFO","message":"[5:15:30.664 PM]: Creating new connection object"}
{"level":"INFO","message":"[5:15:30.710 PM]: Creating Connection[id: dce9db6e-3bc2-43d0-abcd-7c2f5b7b8ce1] with host: MVNNXMB-IX26326.snowflakecomputing.com, account: MVNNXMB-IX26326, accessUrl: https://MVNNXMB-IX26326.snowflakecomputing.com, user: KANAKPALIWAL, role: undefined, database: LOGINDETAILS, schema: PUBLIC, warehouse: COMPUTE_WH, proxy was not configured, password is provided, region: undefined, authenticator: SNOWFLAKE, ocsp mode: FAIL_OPEN, os: win32, os version: 10.0.19045"}
{"level":"INFO","message":"[5:15:30.711 PM]: Connection[id: dce9db6e-3bc2-43d0-abcd-7c2f5b7b8ce1] additional details: passcode in password is provided, passcode is not provided, private key is not provided, application: undefined, client name: snowflake-sdk, client version: 2.4.1, retry timeout: 300, private key path: undefined, private key pass is not provided, client store temporary credential: false, browser response timeout: 120000"}
{"level":"INFO","message":"[5:15:30.713 PM]: Connection[id: dce9db6e-3bc2-43d0-abcd-7c2f5b7b8ce1] - connection object created successfully."}
{"level":"INFO","message":"[5:15:30.715 PM]: Connection[id: dce9db6e-3bc2-43d0-abcd-7c2f5b7b8ce1] - async connecting. Associated Snowflake domain: GLOBAL"}
{"level":"INFO","message":"[5:15:30.716 PM]: Trying to initialize Easy Logging"}
{"level":"INFO","message":"[5:15:30.768 PM]: No client config detected."}
{"level":"INFO","message":"[5:15:30.770 PM]: No config file path found. Client config will not be used."}
{"level":"INFO","message":"[5:15:30.771 PM]: Easy Logging is disabled as no config has been found"}
{"level":"INFO","message":"[5:15:30.772 PM]: Connection[id: dce9db6e-3bc2-43d0-abcd-7c2f5b7b8ce1] - authentication successful using: SNOWFLAKE"}
{"level":"INFO","message":"[5:15:34.687 PM]: Connection[id: dce9db6e-3bc2-43d0-abcd-7c2f5b7b8ce1] - connection established successfully after 3971.86 milliseconds"}
{"level":"INFO","message":"[5:27:47.611 PM]: Creating new connection object"}
{"level":"INFO","message":"[5:27:47.627 PM]: Creating Connection[id: 05068731-1649-49b1-8e49-9942f7ae43cf] with host: MVNNXMB-IX26326.snowflakecomputing.com, account: MVNNXMB-IX26326, accessUrl: https://MVNNXMB-IX26326.snowflakecomputing.com, user: KANAKPALIWAL, role: undefined, database: LOGINDETAILS, schema: PUBLIC, warehouse: COMPUTE_WH, proxy was not configured, password is provided, region: undefined, authenticator: SNOWFLAKE, ocsp mode: FAIL_OPEN, os: win32, os version: 10.0.19045"}
{"level":"INFO","message":"[5:27:47.628 PM]: Connection[id: 05068731-1649-49b1-8e49-9942f7ae43cf] additional details: passcode in password is provided, passcode is not provided, private key is not provided, application: undefined, client name: snowflake-sdk, client version: 2.4.1, retry timeout: 300, private key path: undefined, private key pass is not provided, client store temporary credential: false, browser response timeout: 120000"}
{"level":"INFO","message":"[5:27:47.629 PM]: Connection[id: 05068731-1649-49b1-8e49-9942f7ae43cf] - connection object created successfully."}
{"level":"INFO","message":"[5:27:47.631 PM]: Connection[id: 05068731-1649-49b1-8e49-9942f7ae43cf] - async connecting. Associated Snowflake domain: GLOBAL"}
{"level":"INFO","message":"[5:27:47.634 PM]: Trying to initialize Easy Logging"}
{"level":"INFO","message":"[5:27:47.681 PM]: No client config detected."}
{"level":"INFO","message":"[5:27:47.683 PM]: No config file path found. Client config will not be used."}
{"level":"INFO","message":"[5:27:47.684 PM]: Easy Logging is disabled as no config has been found"}
{"level":"INFO","message":"[5:27:47.686 PM]: Connection[id: 05068731-1649-49b1-8e49-9942f7ae43cf] - authentication successful using: SNOWFLAKE"}
{"level":"INFO","message":"[5:27:50.457 PM]: Connection[id: 05068731-1649-49b1-8e49-9942f7ae43cf] - connection established successfully after 2825.2 milliseconds"}
{"level":"INFO","message":"[5:28:57.568 PM]: Creating new connection object"}
{"level":"INFO","message":"[5:28:57.598 PM]: Creating Connection[id: 48d13641-869c-49dc-976b-772e9940a698] with host: MVNNXMB-IX26326.snowflakecomputing.com, account: MVNNXMB-IX26326, accessUrl: https://MVNNXMB-IX26326.snowflakecomputing.com, user: KANAKPALIWAL, role: undefined, database: LOGINDETAILS, schema: PUBLIC, warehouse: COMPUTE_WH, proxy was not configured, password is provided, region: undefined, authenticator: SNOWFLAKE, ocsp mode: FAIL_OPEN, os: win32, os version: 10.0.19045"}
{"level":"INFO","message":"[5:28:57.599 PM]: Connection[id: 48d13641-869c-49dc-976b-772e9940a698] additional details: passcode in password is provided, passcode is not provided, private key is not provided, application: undefined, client name: snowflake-sdk, client version: 2.4.1, retry timeout: 300, private key path: undefined, private key pass is not provided, client store temporary credential: false, browser response timeout: 120000"}
{"level":"INFO","message":"[5:28:57.601 PM]: Connection[id: 48d13641-869c-49dc-976b-772e9940a698] - connection object created successfully."}
{"level":"INFO","message":"[5:28:57.602 PM]: Connection[id: 48d13641-869c-49dc-976b-772e9940a698] - async connecting. Associated Snowflake domain: GLOBAL"}
{"level":"INFO","message":"[5:28:57.604 PM]: Trying to initialize Easy Logging"}
{"level":"INFO","message":"[5:28:57.690 PM]: No client config detected."}
{"level":"INFO","message":"[5:28:57.691 PM]: No config file path found. Client config will not be used."}
{"level":"INFO","message":"[5:28:57.693 PM]: Easy Logging is disabled as no config has been found"}
{"level":"INFO","message":"[5:28:57.694 PM]: Connection[id: 48d13641-869c-49dc-976b-772e9940a698] - authentication successful using: SNOWFLAKE"}
{"level":"INFO","message":"[5:29:00.474 PM]: Connection[id: 48d13641-869c-49dc-976b-772e9940a698] - connection established successfully after 2871.82 milliseconds"}
{"level":"INFO","message":"[5:32:10.160 PM]: Creating new connection object"}
{"level":"INFO","message":"[5:32:10.176 PM]: Creating Connection[id: d31a77bb-cff0-48b3-ae02-f1f590b700fe] with host: MVNNXMB-IX26326.snowflakecomputing.com, account: MVNNXMB-IX26326, accessUrl: https://MVNNXMB-IX26326.snowflakecomputing.com, user: KANAKPALIWAL, role: undefined, database: LOGINDETAILS, schema: PUBLIC, warehouse: COMPUTE_WH, proxy was not configured, password is provided, region: undefined, authenticator: SNOWFLAKE, ocsp mode: FAIL_OPEN, os: win32, os version: 10.0.19045"}
{"level":"INFO","message":"[5:32:10.176 PM]: Connection[id: d31a77bb-cff0-48b3-ae02-f1f590b700fe] additional details: passcode in password is provided, passcode is not provided, private key is not provided, application: undefined, client name: snowflake-sdk, client version: 2.4.1, retry timeout: 300, private key path: undefined, private key pass is not provided, client store temporary credential: false, browser response timeout: 120000"}
{"level":"INFO","message":"[5:32:10.177 PM]: Connection[id: d31a77bb-cff0-48b3-ae02-f1f590b700fe] - connection object created successfully."}
{"level":"INFO","message":"[5:32:10.178 PM]: Connection[id: d31a77bb-cff0-48b3-ae02-f1f590b700fe] - async connecting. Associated Snowflake domain: GLOBAL"}
{"level":"INFO","message":"[5:32:10.178 PM]: Trying to initialize Easy Logging"}
{"level":"INFO","message":"[5:32:10.200 PM]: No client config detected."}
{"level":"INFO","message":"[5:32:10.201 PM]: No config file path found. Client config will not be used."}
{"level":"INFO","message":"[5:32:10.201 PM]: Easy Logging is disabled as no config has been found"}
{"level":"INFO","message":"[5:32:10.202 PM]: Connection[id: d31a77bb-cff0-48b3-ae02-f1f590b700fe] - authentication successful using: SNOWFLAKE"}
{"level":"INFO","message":"[5:32:13.491 PM]: Connection[id: d31a77bb-cff0-48b3-ae02-f1f590b700fe] - connection established successfully after 3312.8 milliseconds"}
{"level":"INFO","message":"[5:39:51.978 PM]: Creating new connection object"}
{"level":"INFO","message":"[5:39:52.002 PM]: Creating Connection[id: 20afbc3d-d6ea-43e8-89f4-3a2130e524a0] with host: MVNNXMB-IX26326.snowflakecomputing.com, account: MVNNXMB-IX26326, accessUrl: https://MVNNXMB-IX26326.snowflakecomputing.com, user: KANAKPALIWAL, role: undefined, database: LOGINDETAILS, schema: PUBLIC, warehouse: COMPUTE_WH, proxy was not configured, password is provided, region: undefined, authenticator: SNOWFLAKE, ocsp mode: FAIL_OPEN, os: win32, os version: 10.0.19045"}
{"level":"INFO","message":"[5:39:52.003 PM]: Connection[id: 20afbc3d-d6ea-43e8-89f4-3a2130e524a0] additional details: passcode in password is provided, passcode is not provided, private key is not provided, application: undefined, client name: snowflake-sdk, client version: 2.4.1, retry timeout: 300, private key path: undefined, private key pass is not provided, client store temporary credential: false, browser response timeout: 120000"}
{"level":"INFO","message":"[5:39:52.004 PM]: Connection[id: 20afbc3d-d6ea-43e8-89f4-3a2130e524a0] - connection object created successfully."}
{"level":"INFO","message":"[5:39:52.005 PM]: Connection[id: 20afbc3d-d6ea-43e8-89f4-3a2130e524a0] - async connecting. Associated Snowflake domain: GLOBAL"}
{"level":"INFO","message":"[5:39:52.005 PM]: Trying to initialize Easy Logging"}
{"level":"INFO","message":"[5:39:52.027 PM]: No client config detected."}
{"level":"INFO","message":"[5:39:52.027 PM]: No config file path found. Client config will not be used."}
{"level":"INFO","message":"[5:39:52.027 PM]: Easy Logging is disabled as no config has been found"}
{"level":"INFO","message":"[5:39:52.028 PM]: Connection[id: 20afbc3d-d6ea-43e8-89f4-3a2130e524a0] - authentication successful using: SNOWFLAKE"}
{"level":"INFO","message":"[5:39:56.200 PM]: Connection[id: 20afbc3d-d6ea-43e8-89f4-3a2130e524a0] - connection established successfully after 4195.53 milliseconds"}
{"level":"INFO","message":"[6:45:35.390 PM]: Creating new connection object"}
{"level":"INFO","message":"[6:45:35.413 PM]: Creating Connection[id: aa6fa1cd-e0bc-4b30-b784-185db041011e] with host: MVNNXMB-IX26326.snowflakecomputing.com, account: MVNNXMB-IX26326, accessUrl: https://MVNNXMB-IX26326.snowflakecomputing.com, user: KANAKPALIWAL, role: undefined, database: LOGINDETAILS, schema: PUBLIC, warehouse: COMPUTE_WH, proxy was not configured, password is provided, region: undefined, authenticator: SNOWFLAKE, ocsp mode: FAIL_OPEN, os: win32, os version: 10.0.19045"}
{"level":"INFO","message":"[6:45:35.414 PM]: Connection[id: aa6fa1cd-e0bc-4b30-b784-185db041011e] additional details: passcode in password is provided, passcode is not provided, private key is not provided, application: undefined, client name: snowflake-sdk, client version: 2.4.1, retry timeout: 300, private key path: undefined, private key pass is not provided, client store temporary credential: false, browser response timeout: 120000"}
{"level":"INFO","message":"[6:45:35.414 PM]: Connection[id: aa6fa1cd-e0bc-4b30-b784-185db041011e] - connection object created successfully."}
{"level":"INFO","message":"[6:45:35.415 PM]: Connection[id: aa6fa1cd-e0bc-4b30-b784-185db041011e] - async connecting. Associated Snowflake domain: GLOBAL"}
{"level":"INFO","message":"[6:45:35.416 PM]: Trying to initialize Easy Logging"}
{"level":"INFO","message":"[6:45:35.445 PM]: No client config detected."}
{"level":"INFO","message":"[6:45:35.446 PM]: No config file path found. Client config will not be used."}
{"level":"INFO","message":"[6:45:35.446 PM]: Easy Logging is disabled as no config has been found"}
{"level":"INFO","message":"[6:45:35.447 PM]: Connection[id: aa6fa1cd-e0bc-4b30-b784-185db041011e] - authentication successful using: SNOWFLAKE"}
{"level":"INFO","message":"[7:43:29.018 AM]: Creating new connection object"}
{"level":"INFO","message":"[7:43:29.061 AM]: Creating Connection[id: 8f6a43f3-0771-4a20-99b8-9ef9bb751875] with host: MVNNXMB-IX26326.snowflakecomputing.com, account: MVNNXMB-IX26326, accessUrl: https://MVNNXMB-IX26326.snowflakecomputing.com, user: KANAKPALIWAL, role: undefined, database: LOGINDETAILS, schema: PUBLIC, warehouse: COMPUTE_WH, proxy was not configured, password is provided, region: undefined, authenticator: SNOWFLAKE, ocsp mode: FAIL_OPEN, os: win32, os version: 10.0.19045"}
{"level":"INFO","message":"[7:43:29.063 AM]: Connection[id: 8f6a43f3-0771-4a20-99b8-9ef9bb751875] additional details: passcode in password is provided, passcode is not provided, private key is not provided, application: undefined, client name: snowflake-sdk, client version: 2.4.1, retry timeout: 300, private key path: undefined, private key pass is not provided, client store temporary credential: false, browser response timeout: 120000"}
{"level":"INFO","message":"[7:43:29.064 AM]: Connection[id: 8f6a43f3-0771-4a20-99b8-9ef9bb751875] - connection object created successfully."}
{"level":"INFO","message":"[7:43:29.066 AM]: Connection[id: 8f6a43f3-0771-4a20-99b8-9ef9bb751875] - async connecting. Associated Snowflake domain: GLOBAL"}
{"level":"INFO","message":"[7:43:29.068 AM]: Trying to initialize Easy Logging"}
{"level":"INFO","message":"[7:43:29.132 AM]: No client config detected."}
{"level":"INFO","message":"[7:43:29.134 AM]: No config file path found. Client config will not be used."}
{"level":"INFO","message":"[7:43:29.134 AM]: Easy Logging is disabled as no config has been found"}
{"level":"INFO","message":"[7:43:29.136 AM]: Connection[id: 8f6a43f3-0771-4a20-99b8-9ef9bb751875] - authentication successful using: SNOWFLAKE"}
{"level":"INFO","message":"[7:43:31.838 AM]: Connection[id: 8f6a43f3-0771-4a20-99b8-9ef9bb751875] - connection established successfully after 2771.98 milliseconds"}
{"level":"INFO","message":"[11:03:28.281 AM]: Creating new connection object"}
{"level":"INFO","message":"[11:03:28.318 AM]: Creating Connection[id: 3544bc4e-ebcb-4921-9fca-c5c871fd7009] with host: MVNNXMB-IX26326.snowflakecomputing.com, account: MVNNXMB-IX26326, accessUrl: https://MVNNXMB-IX26326.snowflakecomputing.com, user: KANAKPALIWAL, role: undefined, database: LOGINDETAILS, schema: PUBLIC, warehouse: COMPUTE_WH, proxy was not configured, password is provided, region: undefined, authenticator: SNOWFLAKE, ocsp mode: FAIL_OPEN, os: win32, os version: 10.0.19045"}
{"level":"INFO","message":"[11:03:28.320 AM]: Connection[id: 3544bc4e-ebcb-4921-9fca-c5c871fd7009] additional details: passcode in password is provided, passcode is not provided, private key is not provided, application: undefined, client name: snowflake-sdk, client version: 2.4.1, retry timeout: 300, private key path: undefined, private key pass is not provided, client store temporary credential: false, browser response timeout: 120000"}
{"level":"INFO","message":"[11:03:28.321 AM]: Connection[id: 3544bc4e-ebcb-4921-9fca-c5c871fd7009] - connection object created successfully."}
{"level":"INFO","message":"[11:03:28.323 AM]: Connection[id: 3544bc4e-ebcb-4921-9fca-c5c871fd7009] - async connecting. Associated Snowflake domain: GLOBAL"}
{"level":"INFO","message":"[11:03:28.324 AM]: Trying to initialize Easy Logging"}
{"level":"INFO","message":"[11:03:28.361 AM]: No client config detected."}
{"level":"INFO","message":"[11:03:28.361 AM]: No config file path found. Client config will not be used."}
{"level":"INFO","message":"[11:03:28.361 AM]: Easy Logging is disabled as no config has been found"}
{"level":"INFO","message":"[11:03:28.362 AM]: Connection[id: 3544bc4e-ebcb-4921-9fca-c5c871fd7009] - authentication successful using: SNOWFLAKE"}
{"level":"INFO","message":"[11:03:32.200 AM]: Connection[id: 3544bc4e-ebcb-4921-9fca-c5c871fd7009] - connection established successfully after 3877.07 milliseconds"}
{"level":"INFO","message":"[11:46:39.419 AM]: Creating new connection object"}
{"level":"INFO","message":"[11:46:39.455 AM]: Creating Connection[id: e1ce9885-7a94-405b-a7c6-aaaebb27979d] with host: MVNNXMB-IX26326.snowflakecomputing.com, account: MVNNXMB-IX26326, accessUrl: https://MVNNXMB-IX26326.snowflakecomputing.com, user: KANAKPALIWAL, role: undefined, database: LOGINDETAILS, schema: PUBLIC, warehouse: COMPUTE_WH, proxy was not configured, password is provided, region: undefined, authenticator: SNOWFLAKE, ocsp mode: FAIL_OPEN, os: win32, os version: 10.0.19045"}
{"level":"INFO","message":"[11:46:39.458 AM]: Connection[id: e1ce9885-7a94-405b-a7c6-aaaebb27979d] additional details: passcode in password is provided, passcode is not provided, private key is not provided, application: undefined, client name: snowflake-sdk, client version: 2.4.1, retry timeout: 300, private key path: undefined, private key pass is not provided, client store temporary credential: false, browser response timeout: 120000"}
{"level":"INFO","message":"[11:46:39.460 AM]: Connection[id: e1ce9885-7a94-405b-a7c6-aaaebb27979d] - connection object created successfully."}
{"level":"INFO","message":"[11:46:39.463 AM]: Connection[id: e1ce9885-7a94-405b-a7c6-aaaebb27979d] - async connecting. Associated Snowflake domain: GLOBAL"}
{"level":"INFO","message":"[11:46:39.465 AM]: Trying to initialize Easy Logging"}
{"level":"INFO","message":"[11:46:39.541 AM]: No client config detected."}
{"level":"INFO","message":"[11:46:39.542 AM]: No config file path found. Client config will not be used."}
{"level":"INFO","message":"[11:46:39.543 AM]: Easy Logging is disabled as no config has been found"}
{"level":"INFO","message":"[11:46:39.545 AM]: Connection[id: e1ce9885-7a94-405b-a7c6-aaaebb27979d] - authentication successful using: SNOWFLAKE"}
{"level":"INFO","message":"[11:46:44.775 AM]: Connection[id: e1ce9885-7a94-405b-a7c6-aaaebb27979d] - connection established successfully after 5312.32 milliseconds"}
{"level":"INFO","message":"[11:52:43.136 AM]: Creating new connection object"}
{"level":"INFO","message":"[11:52:43.161 AM]: Creating Connection[id: 6021a111-8211-498f-a425-e692ea224749] with host: MVNNXMB-IX26326.snowflakecomputing.com, account: MVNNXMB-IX26326, accessUrl: https://MVNNXMB-IX26326.snowflakecomputing.com, user: KANAKPALIWAL, role: undefined, database: LOGINDETAILS, schema: PUBLIC, warehouse: COMPUTE_WH, proxy was not configured, password is provided, region: undefined, authenticator: SNOWFLAKE, ocsp mode: FAIL_OPEN, os: win32, os version: 10.0.19045"}
{"level":"INFO","message":"[11:52:43.162 AM]: Connection[id: 6021a111-8211-498f-a425-e692ea224749] additional details: passcode in password is provided, passcode is not provided, private key is not provided, application: undefined, client name: snowflake-sdk, client version: 2.4.1, retry timeout: 300, private key path: undefined, private key pass is not provided, client store temporary credential: false, browser response timeout: 120000"}
{"level":"INFO","message":"[11:52:43.163 AM]: Connection[id: 6021a111-8211-498f-a425-e692ea224749] - connection object created successfully."}
{"level":"INFO","message":"[11:52:43.164 AM]: Connection[id: 6021a111-8211-498f-a425-e692ea224749] - async connecting. Associated Snowflake domain: GLOBAL"}
{"level":"INFO","message":"[11:52:43.165 AM]: Trying to initialize Easy Logging"}
{"level":"INFO","message":"[11:52:43.195 AM]: No client config detected."}
{"level":"INFO","message":"[11:52:43.196 AM]: No config file path found. Client config will not be used."}
{"level":"INFO","message":"[11:52:43.197 AM]: Easy Logging is disabled as no config has been found"}
{"level":"INFO","message":"[11:52:43.198 AM]: Connection[id: 6021a111-8211-498f-a425-e692ea224749] - authentication successful using: SNOWFLAKE"}
{"level":"INFO","message":"[11:52:46.545 AM]: Connection[id: 6021a111-8211-498f-a425-e692ea224749] - connection established successfully after 3380.55 milliseconds"}
{"level":"INFO","message":"[1:53:58.177 PM]: Creating new connection object"}
{"level":"INFO","message":"[1:53:58.218 PM]: Creating Connection[id: aaaed8ea-f3da-4855-ad44-6582f6aa185c] with host: MVNNXMB-IX26326.snowflakecomputing.com, account: MVNNXMB-IX26326, accessUrl: https://MVNNXMB-IX26326.snowflakecomputing.com, user: KANAKPALIWAL, role: undefined, database: LOGINDETAILS, schema: PUBLIC, warehouse: COMPUTE_WH, proxy was not configured, password is provided, region: undefined, authenticator: SNOWFLAKE, ocsp mode: FAIL_OPEN, os: win32, os version: 10.0.19045"}
{"level":"INFO","message":"[1:53:58.220 PM]: Connection[id: aaaed8ea-f3da-4855-ad44-6582f6aa185c] additional details: passcode in password is provided, passcode is not provided, private key is not provided, application: undefined, client name: snowflake-sdk, client version: 2.4.1, retry timeout: 300, private key path: undefined, private key pass is not provided, client store temporary credential: false, browser response timeout: 120000"}
{"level":"INFO","message":"[1:53:58.222 PM]: Connection[id: aaaed8ea-f3da-4855-ad44-6582f6aa185c] - connection object created successfully."}
{"level":"INFO","message":"[1:53:58.223 PM]: Connection[id: aaaed8ea-f3da-4855-ad44-6582f6aa185c] - async connecting. Associated Snowflake domain: GLOBAL"}
{"level":"INFO","message":"[1:53:58.225 PM]: Trying to initialize Easy Logging"}
{"level":"INFO","message":"[1:53:58.311 PM]: No client config detected."}
{"level":"INFO","message":"[1:53:58.314 PM]: No config file path found. Client config will not be used."}
{"level":"INFO","message":"[1:53:58.315 PM]: Easy Logging is disabled as no config has been found"}
{"level":"INFO","message":"[1:53:58.317 PM]: Connection[id: aaaed8ea-f3da-4855-ad44-6582f6aa185c] - authentication successful using: SNOWFLAKE"}
{"level":"INFO","message":"[1:54:01.928 PM]: Connection[id: aaaed8ea-f3da-4855-ad44-6582f6aa185c] - connection established successfully after 3704.19 milliseconds"}
{"level":"INFO","message":"[2:09:07.331 PM]: Creating new connection object"}
{"level":"INFO","message":"[2:09:07.372 PM]: Creating Connection[id: 4f006a45-b531-4292-823f-316a07e6bd98] with host: MVNNXMB-IX26326.snowflakecomputing.com, account: MVNNXMB-IX26326, accessUrl: https://MVNNXMB-IX26326.snowflakecomputing.com, user: KANAKPALIWAL, role: undefined, database: LOGINDETAILS, schema: PUBLIC, warehouse: COMPUTE_WH, proxy was not configured, password is provided, region: undefined, authenticator: SNOWFLAKE, ocsp mode: FAIL_OPEN, os: win32, os version: 10.0.19045"}
{"level":"INFO","message":"[2:09:07.375 PM]: Connection[id: 4f006a45-b531-4292-823f-316a07e6bd98] additional details: passcode in password is provided, passcode is not provided, private key is not provided, application: undefined, client name: snowflake-sdk, client version: 2.4.1, retry timeout: 300, private key path: undefined, private key pass is not provided, client store temporary credential: false, browser response timeout: 120000"}
{"level":"INFO","message":"[2:09:07.377 PM]: Connection[id: 4f006a45-b531-4292-823f-316a07e6bd98] - connection object created successfully."}
{"level":"INFO","message":"[2:09:07.378 PM]: Connection[id: 4f006a45-b531-4292-823f-316a07e6bd98] - async connecting. Associated Snowflake domain: GLOBAL"}
{"level":"INFO","message":"[2:09:07.380 PM]: Trying to initialize Easy Logging"}
{"level":"INFO","message":"[2:09:07.432 PM]: No client config detected."}
{"level":"INFO","message":"[2:09:07.434 PM]: No config file path found. Client config will not be used."}
{"level":"INFO","message":"[2:09:07.435 PM]: Easy Logging is disabled as no config has been found"}
{"level":"INFO","message":"[2:09:07.436 PM]: Connection[id: 4f006a45-b531-4292-823f-316a07e6bd98] - authentication successful using: SNOWFLAKE"}
{"level":"INFO","message":"[2:09:09.204 PM]: Connection[id: 4f006a45-b531-4292-823f-316a07e6bd98] - connection established successfully after 1825.16 milliseconds"}
{"level":"INFO","message":"[2:14:40.101 PM]: Creating new connection object"}
{"level":"INFO","message":"[2:14:40.173 PM]: Creating Connection[id: dcd9c2ea-1c29-461d-b12f-5ec8da5cbbaf] with host: MVNNXMB-IX26326.snowflakecomputing.com, account: MVNNXMB-IX26326, accessUrl: https://MVNNXMB-IX26326.snowflakecomputing.com, user: KANAKPALIWAL, role: undefined, database: LOGINDETAILS, schema: PUBLIC, warehouse: COMPUTE_WH, proxy was not configured, password is provided, region: undefined, authenticator: SNOWFLAKE, ocsp mode: FAIL_OPEN, os: win32, os version: 10.0.19045"}
{"level":"INFO","message":"[2:14:40.177 PM]: Connection[id: dcd9c2ea-1c29-461d-b12f-5ec8da5cbbaf] additional details: passcode in password is provided, passcode is not provided, private key is not provided, application: undefined, client name: snowflake-sdk, client version: 2.4.1, retry timeout: 300, private key path: undefined, private key pass is not provided, client store temporary credential: false, browser response timeout: 120000"}
{"level":"INFO","message":"[2:14:40.180 PM]: Connection[id: dcd9c2ea-1c29-461d-b12f-5ec8da5cbbaf] - connection object created successfully."}
{"level":"INFO","message":"[2:14:40.183 PM]: Connection[id: dcd9c2ea-1c29-461d-b12f-5ec8da5cbbaf] - async connecting. Associated Snowflake domain: GLOBAL"}
{"level":"INFO","message":"[2:14:40.186 PM]: Trying to initialize Easy Logging"}
{"level":"INFO","message":"[2:14:40.283 PM]: No client config detected."}
{"level":"INFO","message":"[2:14:40.284 PM]: No config file path found. Client config will not be used."}
{"level":"INFO","message":"[2:14:40.285 PM]: Easy Logging is disabled as no config has been found"}
{"level":"INFO","message":"[2:14:40.287 PM]: Connection[id: dcd9c2ea-1c29-461d-b12f-5ec8da5cbbaf] - authentication successful using: SNOWFLAKE"}
{"level":"INFO","message":"[2:14:42.515 PM]: Connection[id: dcd9c2ea-1c29-461d-b12f-5ec8da5cbbaf] - connection established successfully after 2332.8 milliseconds"}
{"level":"INFO","message":"[2:15:58.576 PM]: Creating new connection object"}
{"level":"INFO","message":"[2:15:58.592 PM]: Creating Connection[id: daf7295a-fe0b-45b7-bb10-1376e2dbd09d] with host: MVNNXMB-IX26326.snowflakecomputing.com, account: MVNNXMB-IX26326, accessUrl: https://MVNNXMB-IX26326.snowflakecomputing.com, user: KANAKPALIWAL, role: undefined, database: LOGINDETAILS, schema: PUBLIC, warehouse: COMPUTE_WH, proxy was not configured, password is provided, region: undefined, authenticator: SNOWFLAKE, ocsp mode: FAIL_OPEN, os: win32, os version: 10.0.19045"}
{"level":"INFO","message":"[2:15:58.593 PM]: Connection[id: daf7295a-fe0b-45b7-bb10-1376e2dbd09d] additional details: passcode in password is provided, passcode is not provided, private key is not provided, application: undefined, client name: snowflake-sdk, client version: 2.4.1, retry timeout: 300, private key path: undefined, private key pass is not provided, client store temporary credential: false, browser response timeout: 120000"}
{"level":"INFO","message":"[2:15:58.593 PM]: Connection[id: daf7295a-fe0b-45b7-bb10-1376e2dbd09d] - connection object created successfully."}
{"level":"INFO","message":"[2:15:58.594 PM]: Connection[id: daf7295a-fe0b-45b7-bb10-1376e2dbd09d] - async connecting. Associated Snowflake domain: GLOBAL"}
{"level":"INFO","message":"[2:15:58.595 PM]: Trying to initialize Easy Logging"}
{"level":"INFO","message":"[2:15:58.616 PM]: No client config detected."}
{"level":"INFO","message":"[2:15:58.617 PM]: No config file path found. Client config will not be used."}
{"level":"INFO","message":"[2:15:58.617 PM]: Easy Logging is disabled as no config has been found"}
{"level":"INFO","message":"[2:15:58.618 PM]: Connection[id: daf7295a-fe0b-45b7-bb10-1376e2dbd09d] - authentication successful using: SNOWFLAKE"}
{"level":"INFO","message":"[2:16:01.974 PM]: Connection[id: daf7295a-fe0b-45b7-bb10-1376e2dbd09d] - connection established successfully after 3379.93 milliseconds"}
{"level":"INFO","message":"[3:38:37.678 PM]: Creating new connection object"}
{"level":"INFO","message":"[3:38:37.704 PM]: Creating Connection[id: 17b0ad90-dd20-4cd7-a81b-e4aa81f725f6] with host: MVNNXMB-IX26326.snowflakecomputing.com, account: MVNNXMB-IX26326, accessUrl: https://MVNNXMB-IX26326.snowflakecomputing.com, user: KANAKPALIWAL, role: undefined, database: LOGINDETAILS, schema: PUBLIC, warehouse: COMPUTE_WH, proxy was not configured, password is provided, region: undefined, authenticator: SNOWFLAKE, ocsp mode: FAIL_OPEN, os: win32, os version: 10.0.19045"}
{"level":"INFO","message":"[3:38:37.705 PM]: Connection[id: 17b0ad90-dd20-4cd7-a81b-e4aa81f725f6] additional details: passcode in password is provided, passcode is not provided, private key is not provided, application: undefined, client name: snowflake-sdk, client version: 2.4.1, retry timeout: 300, private key path: undefined, private key pass is not provided, client store temporary credential: false, browser response timeout: 120000"}
{"level":"INFO","message":"[3:38:37.705 PM]: Connection[id: 17b0ad90-dd20-4cd7-a81b-e4aa81f725f6] - connection object created successfully."}
{"level":"INFO","message":"[3:38:37.706 PM]: Connection[id: 17b0ad90-dd20-4cd7-a81b-e4aa81f725f6] - async connecting. Associated Snowflake domain: GLOBAL"}
{"level":"INFO","message":"[3:38:37.707 PM]: Trying to initialize Easy Logging"}
{"level":"INFO","message":"[3:38:37.743 PM]: No client config detected."}
{"level":"INFO","message":"[3:38:37.744 PM]: No config file path found. Client config will not be used."}
{"level":"INFO","message":"[3:38:37.745 PM]: Easy Logging is disabled as no config has been found"}
{"level":"INFO","message":"[3:38:37.745 PM]: Connection[id: 17b0ad90-dd20-4cd7-a81b-e4aa81f725f6] - authentication successful using: SNOWFLAKE"}
{"level":"INFO","message":"[3:38:41.284 PM]: Connection[id: 17b0ad90-dd20-4cd7-a81b-e4aa81f725f6] - connection established successfully after 3577.92 milliseconds"}
{"level":"INFO","message":"[10:53:45.631 AM]: Creating new connection object"}
{"level":"INFO","message":"[10:53:45.726 AM]: Creating Connection[id: 3aacb65a-86ad-47d8-b3a0-32cf03fcc43d] with host: MVNNXMB-IX26326.snowflakecomputing.com, account: MVNNXMB-IX26326, accessUrl: https://MVNNXMB-IX26326.snowflakecomputing.com, user: KANAKPALIWAL, role: undefined, database: LOGINDETAILS, schema: PUBLIC, warehouse: COMPUTE_WH, proxy was not configured, password is provided, region: undefined, authenticator: SNOWFLAKE, ocsp mode: FAIL_OPEN, os: win32, os version: 10.0.19045"}
{"level":"INFO","message":"[10:53:45.730 AM]: Connection[id: 3aacb65a-86ad-47d8-b3a0-32cf03fcc43d] additional details: passcode in password is provided, passcode is not provided, private key is not provided, application: undefined, client name: snowflake-sdk, client version: 2.4.1, retry timeout: 300, private key path: undefined, private key pass is not provided, client store temporary credential: false, browser response timeout: 120000"}
{"level":"INFO","message":"[10:53:45.733 AM]: Connection[id: 3aacb65a-86ad-47d8-b3a0-32cf03fcc43d] - connection object created successfully."}
{"level":"INFO","message":"[10:53:45.736 AM]: Connection[id: 3aacb65a-86ad-47d8-b3a0-32cf03fcc43d] - async connecting. Associated Snowflake domain: GLOBAL"}
{"level":"INFO","message":"[10:53:45.738 AM]: Trying to initialize Easy Logging"}
{"level":"INFO","message":"[10:53:45.839 AM]: No client config detected."}
{"level":"INFO","message":"[10:53:45.841 AM]: No config file path found. Client config will not be used."}
{"level":"INFO","message":"[10:53:45.842 AM]: Easy Logging is disabled as no config has been found"}
{"level":"INFO","message":"[10:53:45.843 AM]: Connection[id: 3aacb65a-86ad-47d8-b3a0-32cf03fcc43d] - authentication successful using: SNOWFLAKE"}
{"level":"INFO","message":"[10:53:48.918 AM]: Connection[id: 3aacb65a-86ad-47d8-b3a0-32cf03fcc43d] - connection established successfully after 3182.26 milliseconds"}
{"level":"INFO","message":"[10:59:26.992 PM]: Creating new connection object"}
{"level":"INFO","message":"[10:59:27.010 PM]: Creating Connection[id: cd38f7e8-515b-49ae-82f7-12816497fbc3] with host: MVNNXMB-IX26326.snowflakecomputing.com, account: MVNNXMB-IX26326, accessUrl: https://MVNNXMB-IX26326.snowflakecomputing.com, user: KANAKPALIWAL, role: undefined, database: LOGINDETAILS, schema: PUBLIC, warehouse: COMPUTE_WH, proxy was not configured, password is provided, region: undefined, authenticator: SNOWFLAKE, ocsp mode: FAIL_OPEN, os: win32, os version: 10.0.19045"}
{"level":"INFO","message":"[10:59:27.011 PM]: Connection[id: cd38f7e8-515b-49ae-82f7-12816497fbc3] additional details: passcode in password is provided, passcode is not provided, private key is not provided, application: undefined, client name: snowflake-sdk, client version: 2.4.1, retry timeout: 300, private key path: undefined, private key pass is not provided, client store temporary credential: false, browser response timeout: 120000"}
{"level":"INFO","message":"[10:59:27.012 PM]: Connection[id: cd38f7e8-515b-49ae-82f7-12816497fbc3] - connection object created successfully."}
{"level":"INFO","message":"[10:59:27.013 PM]: Connection[id: cd38f7e8-515b-49ae-82f7-12816497fbc3] - async connecting. Associated Snowflake domain: GLOBAL"}
{"level":"INFO","message":"[10:59:27.014 PM]: Trying to initialize Easy Logging"}
{"level":"INFO","message":"[10:59:27.086 PM]: No client config detected."}
{"level":"INFO","message":"[10:59:27.087 PM]: No config file path found. Client config will not be used."}
{"level":"INFO","message":"[10:59:27.088 PM]: Easy Logging is disabled as no config has been found"}
{"level":"INFO","message":"[10:59:27.089 PM]: Connection[id: cd38f7e8-515b-49ae-82f7-12816497fbc3] - authentication successful using: SNOWFLAKE"}
{"level":"INFO","message":"[10:59:31.904 PM]: Connection[id: cd38f7e8-515b-49ae-82f7-12816497fbc3] - connection established successfully after 4890.6 milliseconds"}
{"level":"INFO","message":"[12:17:11.033 PM]: Creating new connection object"}
{"level":"INFO","message":"[12:17:11.068 PM]: Creating Connection[id: b238b11a-6aa6-4f9a-a372-ead392ca1c16] with host: MVNNXMB-IX26326.snowflakecomputing.com, account: MVNNXMB-IX26326, accessUrl: https://MVNNXMB-IX26326.snowflakecomputing.com, user: KANAKPALIWAL, role: undefined, database: LOGINDETAILS, schema: PUBLIC, warehouse: COMPUTE_WH, proxy was not configured, password is provided, region: undefined, authenticator: SNOWFLAKE, ocsp mode: FAIL_OPEN, os: win32, os version: 10.0.19045"}
{"level":"INFO","message":"[12:17:11.070 PM]: Connection[id: b238b11a-6aa6-4f9a-a372-ead392ca1c16] additional details: passcode in password is provided, passcode is not provided, private key is not provided, application: undefined, client name: snowflake-sdk, client version: 2.4.1, retry timeout: 300, private key path: undefined, private key pass is not provided, client store temporary credential: false, browser response timeout: 120000"}
{"level":"INFO","message":"[12:17:11.071 PM]: Connection[id: b238b11a-6aa6-4f9a-a372-ead392ca1c16] - connection object created successfully."}
{"level":"INFO","message":"[12:17:11.073 PM]: Connection[id: b238b11a-6aa6-4f9a-a372-ead392ca1c16] - async connecting. Associated Snowflake domain: GLOBAL"}
{"level":"INFO","message":"[12:17:11.075 PM]: Trying to initialize Easy Logging"}
{"level":"INFO","message":"[12:17:11.170 PM]: No client config detected."}
{"level":"INFO","message":"[12:17:11.171 PM]: No config file path found. Client config will not be used."}
{"level":"INFO","message":"[12:17:11.171 PM]: Easy Logging is disabled as no config has been found"}
{"level":"INFO","message":"[12:17:11.173 PM]: Connection[id: b238b11a-6aa6-4f9a-a372-ead392ca1c16] - authentication successful using: SNOWFLAKE"}
{"level":"INFO","message":"[12:17:15.726 PM]: Connection[id: b238b11a-6aa6-4f9a-a372-ead392ca1c16] - connection established successfully after 4653.82 milliseconds"}
{"level":"INFO","message":"[6:02:31.041 PM]: Creating new connection object"}
{"level":"INFO","message":"[6:02:31.113 PM]: Creating Connection[id: 2e355023-2fdb-4985-be62-8b101e6d0191] with host: MVNNXMB-IX26326.snowflakecomputing.com, account: MVNNXMB-IX26326, accessUrl: https://MVNNXMB-IX26326.snowflakecomputing.com, user: KANAKPALIWAL, role: undefined, database: LOGINDETAILS, schema: PUBLIC, warehouse: COMPUTE_WH, proxy was not configured, password is provided, region: undefined, authenticator: SNOWFLAKE, ocsp mode: FAIL_OPEN, os: win32, os version: 10.0.19045"}
{"level":"INFO","message":"[6:02:31.116 PM]: Connection[id: 2e355023-2fdb-4985-be62-8b101e6d0191] additional details: passcode in password is provided, passcode is not provided, private key is not provided, application: undefined, client name: snowflake-sdk, client version: 2.4.1, retry timeout: 300, private key path: undefined, private key pass is not provided, client store temporary credential: false, browser response timeout: 120000"}
{"level":"INFO","message":"[6:02:31.118 PM]: Connection[id: 2e355023-2fdb-4985-be62-8b101e6d0191] - connection object created successfully."}
{"level":"INFO","message":"[6:02:31.121 PM]: Connection[id: 2e355023-2fdb-4985-be62-8b101e6d0191] - async connecting. Associated Snowflake domain: GLOBAL"}
{"level":"INFO","message":"[6:02:31.123 PM]: Trying to initialize Easy Logging"}
{"level":"INFO","message":"[6:02:31.257 PM]: No client config detected."}
{"level":"INFO","message":"[6:02:31.258 PM]: No config file path found. Client config will not be used."}
{"level":"INFO","message":"[6:02:31.259 PM]: Easy Logging is disabled as no config has been found"}
{"level":"INFO","message":"[6:02:31.260 PM]: Connection[id: 2e355023-2fdb-4985-be62-8b101e6d0191] - authentication successful using: SNOWFLAKE"}
{"level":"INFO","message":"[6:02:35.300 PM]: Connection[id: 2e355023-2fdb-4985-be62-8b101e6d0191] - connection established successfully after 4178.65 milliseconds"}
{"level":"INFO","message":"[6:02:53.225 PM]: Creating new connection object"}
{"level":"INFO","message":"[6:02:53.247 PM]: Creating Connection[id: 4b298b82-474e-4e0b-b13b-42f7ca27d359] with host: MVNNXMB-IX26326.snowflakecomputing.com, account: MVNNXMB-IX26326, accessUrl: https://MVNNXMB-IX26326.snowflakecomputing.com, user: KANAKPALIWAL, role: undefined, database: LOGINDETAILS, schema: PUBLIC, warehouse: COMPUTE_WH, proxy was not configured, password is provided, region: undefined, authenticator: SNOWFLAKE, ocsp mode: FAIL_OPEN, os: win32, os version: 10.0.19045"}
{"level":"INFO","message":"[6:02:53.248 PM]: Connection[id: 4b298b82-474e-4e0b-b13b-42f7ca27d359] additional details: passcode in password is provided, passcode is not provided, private key is not provided, application: undefined, client name: snowflake-sdk, client version: 2.4.1, retry timeout: 300, private key path: undefined, private key pass is not provided, client store temporary credential: false, browser response timeout: 120000"}
{"level":"INFO","message":"[6:02:53.248 PM]: Connection[id: 4b298b82-474e-4e0b-b13b-42f7ca27d359] - connection object created successfully."}
{"level":"INFO","message":"[6:02:53.249 PM]: Connection[id: 4b298b82-474e-4e0b-b13b-42f7ca27d359] - async connecting. Associated Snowflake domain: GLOBAL"}
{"level":"INFO","message":"[6:02:53.250 PM]: Trying to initialize Easy Logging"}
{"level":"INFO","message":"[6:02:53.290 PM]: No client config detected."}
{"level":"INFO","message":"[6:02:53.291 PM]: No config file path found. Client config will not be used."}
{"level":"INFO","message":"[6:02:53.291 PM]: Easy Logging is disabled as no config has been found"}
{"level":"INFO","message":"[6:02:53.292 PM]: Connection[id: 4b298b82-474e-4e0b-b13b-42f7ca27d359] - authentication successful using: SNOWFLAKE"}
{"level":"INFO","message":"[6:02:59.758 PM]: Connection[id: 4b298b82-474e-4e0b-b13b-42f7ca27d359] - connection established successfully after 6509.05 milliseconds"}
{"level":"INFO","message":"[6:04:58.552 PM]: Creating new connection object"}
{"level":"INFO","message":"[6:04:58.576 PM]: Creating Connection[id: e800056f-76f7-4ef7-9e8e-b2918aa56db8] with host: MVNNXMB-IX26326.snowflakecomputing.com, account: MVNNXMB-IX26326, accessUrl: https://MVNNXMB-IX26326.snowflakecomputing.com, user: KANAKPALIWAL, role: undefined, database: LOGINDETAILS, schema: PUBLIC, warehouse: COMPUTE_WH, proxy was not configured, password is provided, region: undefined, authenticator: SNOWFLAKE, ocsp mode: FAIL_OPEN, os: win32, os version: 10.0.19045"}
{"level":"INFO","message":"[6:04:58.577 PM]: Connection[id: e800056f-76f7-4ef7-9e8e-b2918aa56db8] additional details: passcode in password is provided, passcode is not provided, private key is not provided, application: undefined, client name: snowflake-sdk, client version: 2.4.1, retry timeout: 300, private key path: undefined, private key pass is not provided, client store temporary credential: false, browser response timeout: 120000"}
{"level":"INFO","message":"[6:04:58.577 PM]: Connection[id: e800056f-76f7-4ef7-9e8e-b2918aa56db8] - connection object created successfully."}
{"level":"INFO","message":"[6:04:58.578 PM]: Connection[id: e800056f-76f7-4ef7-9e8e-b2918aa56db8] - async connecting. Associated Snowflake domain: GLOBAL"}
{"level":"INFO","message":"[6:04:58.579 PM]: Trying to initialize Easy Logging"}
{"level":"INFO","message":"[6:04:58.635 PM]: No client config detected."}
{"level":"INFO","message":"[6:04:58.635 PM]: No config file path found. Client config will not be used."}
{"level":"INFO","message":"[6:04:58.636 PM]: Easy Logging is disabled as no config has been found"}
{"level":"INFO","message":"[6:04:58.636 PM]: Connection[id: e800056f-76f7-4ef7-9e8e-b2918aa56db8] - authentication successful using: SNOWFLAKE"}
{"level":"INFO","message":"[6:05:01.999 PM]: Connection[id: e800056f-76f7-4ef7-9e8e-b2918aa56db8] - connection established successfully after 3420.35 milliseconds"}
{"level":"INFO","message":"[11:19:19.398 AM]: Creating new connection object"}
{"level":"INFO","message":"[11:19:19.423 AM]: Creating Connection[id: 15d23eab-c76e-4a95-be9e-43a9bdf8d786] with host: MVNNXMB-IX26326.snowflakecomputing.com, account: MVNNXMB-IX26326, accessUrl: https://MVNNXMB-IX26326.snowflakecomputing.com, user: KANAKPALIWAL, role: undefined, database: LOGINDETAILS, schema: PUBLIC, warehouse: COMPUTE_WH, proxy was not configured, password is provided, region: undefined, authenticator: SNOWFLAKE, ocsp mode: FAIL_OPEN, os: win32, os version: 10.0.19045"}
{"level":"INFO","message":"[11:19:19.424 AM]: Connection[id: 15d23eab-c76e-4a95-be9e-43a9bdf8d786] additional details: passcode in password is provided, passcode is not provided, private key is not provided, application: undefined, client name: snowflake-sdk, client version: 2.4.1, retry timeout: 300, private key path: undefined, private key pass is not provided, client store temporary credential: false, browser response timeout: 120000"}
{"level":"INFO","message":"[11:19:19.425 AM]: Connection[id: 15d23eab-c76e-4a95-be9e-43a9bdf8d786] - connection object created successfully."}
{"level":"INFO","message":"[11:19:19.426 AM]: Connection[id: 15d23eab-c76e-4a95-be9e-43a9bdf8d786] - async connecting. Associated Snowflake domain: GLOBAL"}
{"level":"INFO","message":"[11:19:19.427 AM]: Trying to initialize Easy Logging"}
{"level":"INFO","message":"[11:19:19.501 AM]: No client config detected."}
{"level":"INFO","message":"[11:19:19.502 AM]: No config file path found. Client config will not be used."}
{"level":"INFO","message":"[11:19:19.503 AM]: Easy Logging is disabled as no config has been found"}
{"level":"INFO","message":"[11:19:19.503 AM]: Connection[id: 15d23eab-c76e-4a95-be9e-43a9bdf8d786] - authentication successful using: SNOWFLAKE"}
{"level":"INFO","message":"[11:19:25.007 AM]: Connection[id: 15d23eab-c76e-4a95-be9e-43a9bdf8d786] - connection established successfully after 5581.59 milliseconds"}
{"level":"INFO","message":"[12:14:19.270 PM]: Creating new connection object"}
{"level":"INFO","message":"[12:14:19.305 PM]: Creating Connection[id: 7d7604a0-0df6-456e-8c86-fdeca48a40c9] with host: MVNNXMB-IX26326.snowflakecomputing.com, account: MVNNXMB-IX26326, accessUrl: https://MVNNXMB-IX26326.snowflakecomputing.com, user: KANAKPALIWAL, role: undefined, database: LOGINDETAILS, schema: PUBLIC, warehouse: COMPUTE_WH, proxy was not configured, password is provided, region: undefined, authenticator: SNOWFLAKE, ocsp mode: FAIL_OPEN, os: win32, os version: 10.0.19045"}
{"level":"INFO","message":"[12:14:19.306 PM]: Connection[id: 7d7604a0-0df6-456e-8c86-fdeca48a40c9] additional details: passcode in password is provided, passcode is not provided, private key is not provided, application: undefined, client name: snowflake-sdk, client version: 2.4.1, retry timeout: 300, private key path: undefined, private key pass is not provided, client store temporary credential: false, browser response timeout: 120000"}
{"level":"INFO","message":"[12:14:19.308 PM]: Connection[id: 7d7604a0-0df6-456e-8c86-fdeca48a40c9] - connection object created successfully."}
{"level":"INFO","message":"[12:14:19.309 PM]: Connection[id: 7d7604a0-0df6-456e-8c86-fdeca48a40c9] - async connecting. Associated Snowflake domain: GLOBAL"}
{"level":"INFO","message":"[12:14:19.311 PM]: Trying to initialize Easy Logging"}
{"level":"INFO","message":"[12:14:19.402 PM]: No client config detected."}
{"level":"INFO","message":"[12:14:19.403 PM]: No config file path found. Client config will not be used."}
{"level":"INFO","message":"[12:14:19.403 PM]: Easy Logging is disabled as no config has been found"}
{"level":"INFO","message":"[12:14:19.404 PM]: Connection[id: 7d7604a0-0df6-456e-8c86-fdeca48a40c9] - authentication successful using: SNOWFLAKE"}
{"level":"INFO","message":"[12:14:24.385 PM]: Connection[id: 7d7604a0-0df6-456e-8c86-fdeca48a40c9] - connection established successfully after 5076.23 milliseconds"}
{"level":"INFO","message":"[4:52:58.400 PM]: Creating new connection object"}
{"level":"INFO","message":"[4:52:58.441 PM]: Creating Connection[id: 4ba620bc-ae80-49d2-9cf1-f1f4ab5b8882] with host: MVNNXMB-IX26326.snowflakecomputing.com, account: MVNNXMB-IX26326, accessUrl: https://MVNNXMB-IX26326.snowflakecomputing.com, user: KANAKPALIWAL, role: undefined, database: PTE_EXAM_PREP_PLATFORM, schema: PUBLIC, warehouse: COMPUTE_WH, proxy was not configured, password is provided, region: undefined, authenticator: SNOWFLAKE, ocsp mode: FAIL_OPEN, os: win32, os version: 10.0.19045"}
{"level":"INFO","message":"[4:52:58.443 PM]: Connection[id: 4ba620bc-ae80-49d2-9cf1-f1f4ab5b8882] additional details: passcode in password is provided, passcode is not provided, private key is not provided, application: undefined, client name: snowflake-sdk, client version: 2.4.1, retry timeout: 300, private key path: undefined, private key pass is not provided, client store temporary credential: false, browser response timeout: 120000"}
{"level":"INFO","message":"[4:52:58.445 PM]: Connection[id: 4ba620bc-ae80-49d2-9cf1-f1f4ab5b8882] - connection object created successfully."}
{"level":"INFO","message":"[4:52:58.447 PM]: Connection[id: 4ba620bc-ae80-49d2-9cf1-f1f4ab5b8882] - async connecting. Associated Snowflake domain: GLOBAL"}
{"level":"INFO","message":"[4:52:58.448 PM]: Trying to initialize Easy Logging"}
{"level":"INFO","message":"[4:52:58.539 PM]: No client config detected."}
{"level":"INFO","message":"[4:52:58.540 PM]: No config file path found. Client config will not be used."}
{"level":"INFO","message":"[4:52:58.540 PM]: Easy Logging is disabled as no config has been found"}
{"level":"INFO","message":"[4:52:58.541 PM]: Connection[id: 4ba620bc-ae80-49d2-9cf1-f1f4ab5b8882] - authentication successful using: SNOWFLAKE"}
{"level":"INFO","message":"[4:53:02.041 PM]: Connection[id: 4ba620bc-ae80-49d2-9cf1-f1f4ab5b8882] - connection established successfully after 3594.21 milliseconds"}
{"level":"INFO","message":"[10:26:40.137 AM]: Creating new connection object"}
{"level":"INFO","message":"[10:26:40.170 AM]: Creating Connection[id: f96c79cf-4604-401f-8c89-dcd2e2b7c19c] with host: MVNNXMB-IX26326.snowflakecomputing.com, account: MVNNXMB-IX26326, accessUrl: https://MVNNXMB-IX26326.snowflakecomputing.com, user: KANAKPALIWAL, role: undefined, database: PTE_EXAM_PREP_PLATFORM, schema: PUBLIC, warehouse: COMPUTE_WH, proxy was not configured, password is provided, region: undefined, authenticator: SNOWFLAKE, ocsp mode: FAIL_OPEN, os: win32, os version: 10.0.19045"}
{"level":"INFO","message":"[10:26:40.172 AM]: Connection[id: f96c79cf-4604-401f-8c89-dcd2e2b7c19c] additional details: passcode in password is provided, passcode is not provided, private key is not provided, application: undefined, client name: snowflake-sdk, client version: 2.4.1, retry timeout: 300, private key path: undefined, private key pass is not provided, client store temporary credential: false, browser response timeout: 120000"}
{"level":"INFO","message":"[10:26:40.173 AM]: Connection[id: f96c79cf-4604-401f-8c89-dcd2e2b7c19c] - connection object created successfully."}
{"level":"INFO","message":"[10:26:40.175 AM]: Connection[id: f96c79cf-4604-401f-8c89-dcd2e2b7c19c] - async connecting. Associated Snowflake domain: GLOBAL"}
{"level":"INFO","message":"[10:26:40.177 AM]: Trying to initialize Easy Logging"}
{"level":"INFO","message":"[10:26:40.260 AM]: No client config detected."}
{"level":"INFO","message":"[10:26:40.261 AM]: No config file path found. Client config will not be used."}
{"level":"INFO","message":"[10:26:40.261 AM]: Easy Logging is disabled as no config has been found"}
{"level":"INFO","message":"[10:26:40.262 AM]: Connection[id: f96c79cf-4604-401f-8c89-dcd2e2b7c19c] - authentication successful using: SNOWFLAKE"}
{"level":"INFO","message":"[10:26:43.143 AM]: Connection[id: f96c79cf-4604-401f-8c89-dcd2e2b7c19c] - connection established successfully after 2967.76 milliseconds"}
{"level":"INFO","message":"[10:32:11.867 AM]: Creating new connection object"}
{"level":"INFO","message":"[10:32:11.889 AM]: Creating Connection[id: d42b38ba-e9e3-4ef1-ad99-fca5052bc88b] with host: MVNNXMB-IX26326.snowflakecomputing.com, account: MVNNXMB-IX26326, accessUrl: https://MVNNXMB-IX26326.snowflakecomputing.com, user: KANAKPALIWAL, role: undefined, database: PTE_EXAM_PREP_PLATFORM, schema: PUBLIC, warehouse: COMPUTE_WH, proxy was not configured, password is provided, region: undefined, authenticator: SNOWFLAKE, ocsp mode: FAIL_OPEN, os: win32, os version: 10.0.19045"}
{"level":"INFO","message":"[10:32:11.890 AM]: Connection[id: d42b38ba-e9e3-4ef1-ad99-fca5052bc88b] additional details: passcode in password is provided, passcode is not provided, private key is not provided, application: undefined, client name: snowflake-sdk, client version: 2.4.1, retry timeout: 300, private key path: undefined, private key pass is not provided, client store temporary credential: false, browser response timeout: 120000"}
{"level":"INFO","message":"[10:32:11.891 AM]: Connection[id: d42b38ba-e9e3-4ef1-ad99-fca5052bc88b] - connection object created successfully."}
{"level":"INFO","message":"[10:32:11.891 AM]: Connection[id: d42b38ba-e9e3-4ef1-ad99-fca5052bc88b] - async connecting. Associated Snowflake domain: GLOBAL"}
{"level":"INFO","message":"[10:32:11.892 AM]: Trying to initialize Easy Logging"}
{"level":"INFO","message":"[10:32:11.945 AM]: No client config detected."}
{"level":"INFO","message":"[10:32:11.945 AM]: No config file path found. Client config will not be used."}
{"level":"INFO","message":"[10:32:11.946 AM]: Easy Logging is disabled as no config has been found"}
{"level":"INFO","message":"[10:32:11.946 AM]: Connection[id: d42b38ba-e9e3-4ef1-ad99-fca5052bc88b] - authentication successful using: SNOWFLAKE"}
{"level":"INFO","message":"[10:32:15.752 AM]: Connection[id: d42b38ba-e9e3-4ef1-ad99-fca5052bc88b] - connection established successfully after 3860.19 milliseconds"}
{"level":"INFO","message":"[10:44:29.857 AM]: Creating new connection object"}
{"level":"INFO","message":"[10:44:29.938 AM]: Creating Connection[id: 63f984cb-a243-4b31-b020-badc44a81a0d] with host: MVNNXMB-IX26326.snowflakecomputing.com, account: MVNNXMB-IX26326, accessUrl: https://MVNNXMB-IX26326.snowflakecomputing.com, user: KANAKPALIWAL, role: undefined, database: PTE_EXAM_PREP_PLATFORM, schema: PUBLIC, warehouse: COMPUTE_WH, proxy was not configured, password is provided, region: undefined, authenticator: SNOWFLAKE, ocsp mode: FAIL_OPEN, os: win32, os version: 10.0.19045"}
{"level":"INFO","message":"[10:44:29.941 AM]: Connection[id: 63f984cb-a243-4b31-b020-badc44a81a0d] additional details: passcode in password is provided, passcode is not provided, private key is not provided, application: undefined, client name: snowflake-sdk, client version: 2.4.1, retry timeout: 300, private key path: undefined, private key pass is not provided, client store temporary credential: false, browser response timeout: 120000"}
{"level":"INFO","message":"[10:44:29.944 AM]: Connection[id: 63f984cb-a243-4b31-b020-badc44a81a0d] - connection object created successfully."}
{"level":"INFO","message":"[10:44:29.947 AM]: Connection[id: 63f984cb-a243-4b31-b020-badc44a81a0d] - async connecting. Associated Snowflake domain: GLOBAL"}
{"level":"INFO","message":"[10:44:29.950 AM]: Trying to initialize Easy Logging"}
{"level":"INFO","message":"[10:44:30.099 AM]: No client config detected."}
{"level":"INFO","message":"[10:44:30.100 AM]: No config file path found. Client config will not be used."}
{"level":"INFO","message":"[10:44:30.101 AM]: Easy Logging is disabled as no config has been found"}
{"level":"INFO","message":"[10:44:30.102 AM]: Connection[id: 63f984cb-a243-4b31-b020-badc44a81a0d] - authentication successful using: SNOWFLAKE"}
{"level":"INFO","message":"[10:44:33.647 AM]: Connection[id: 63f984cb-a243-4b31-b020-badc44a81a0d] - connection established successfully after 3700.19 milliseconds"}
{"level":"INFO","message":"[10:54:36.878 AM]: Creating new connection object"}
{"level":"INFO","message":"[10:54:36.893 AM]: Creating Connection[id: 291df715-1dc1-4d2c-940e-66637b84321e] with host: MVNNXMB-IX26326.snowflakecomputing.com, account: MVNNXMB-IX26326, accessUrl: https://MVNNXMB-IX26326.snowflakecomputing.com, user: KANAKPALIWAL, role: undefined, database: PTE_EXAM_PREP_PLATFORM, schema: PUBLIC, warehouse: COMPUTE_WH, proxy was not configured, password is provided, region: undefined, authenticator: SNOWFLAKE, ocsp mode: FAIL_OPEN, os: win32, os version: 10.0.19045"}
{"level":"INFO","message":"[10:54:36.894 AM]: Connection[id: 291df715-1dc1-4d2c-940e-66637b84321e] additional details: passcode in password is provided, passcode is not provided, private key is not provided, application: undefined, client name: snowflake-sdk, client version: 2.4.1, retry timeout: 300, private key path: undefined, private key pass is not provided, client store temporary credential: false, browser response timeout: 120000"}
{"level":"INFO","message":"[10:54:36.895 AM]: Connection[id: 291df715-1dc1-4d2c-940e-66637b84321e] - connection object created successfully."}
{"level":"INFO","message":"[10:54:36.896 AM]: Connection[id: 291df715-1dc1-4d2c-940e-66637b84321e] - async connecting. Associated Snowflake domain: GLOBAL"}
{"level":"INFO","message":"[10:54:36.897 AM]: Trying to initialize Easy Logging"}
{"level":"INFO","message":"[10:54:36.936 AM]: No client config detected."}
{"level":"INFO","message":"[10:54:36.936 AM]: No config file path found. Client config will not be used."}
{"level":"INFO","message":"[10:54:36.937 AM]: Easy Logging is disabled as no config has been found"}
{"level":"INFO","message":"[10:54:36.937 AM]: Connection[id: 291df715-1dc1-4d2c-940e-66637b84321e] - authentication successful using: SNOWFLAKE"}
{"level":"INFO","message":"[10:54:39.782 AM]: Connection[id: 291df715-1dc1-4d2c-940e-66637b84321e] - connection established successfully after 2886.45 milliseconds"}
{"level":"INFO","message":"[11:16:51.866 AM]: Creating new connection object"}
{"level":"INFO","message":"[11:16:51.906 AM]: Creating Connection[id: fb04625b-0b16-4910-a089-37c377d49433] with host: MVNNXMB-IX26326.snowflakecomputing.com, account: MVNNXMB-IX26326, accessUrl: https://MVNNXMB-IX26326.snowflakecomputing.com, user: KANAKPALIWAL, role: undefined, database: PTE_EXAM_PREP_PLATFORM, schema: PUBLIC, warehouse: COMPUTE_WH, proxy was not configured, password is provided, region: undefined, authenticator: SNOWFLAKE, ocsp mode: FAIL_OPEN, os: win32, os version: 10.0.19045"}
{"level":"INFO","message":"[11:16:51.908 AM]: Connection[id: fb04625b-0b16-4910-a089-37c377d49433] additional details: passcode in password is provided, passcode is not provided, private key is not provided, application: undefined, client name: snowflake-sdk, client version: 2.4.1, retry timeout: 300, private key path: undefined, private key pass is not provided, client store temporary credential: false, browser response timeout: 120000"}
{"level":"INFO","message":"[11:16:51.909 AM]: Connection[id: fb04625b-0b16-4910-a089-37c377d49433] - connection object created successfully."}
{"level":"INFO","message":"[11:16:51.911 AM]: Connection[id: fb04625b-0b16-4910-a089-37c377d49433] - async connecting. Associated Snowflake domain: GLOBAL"}
{"level":"INFO","message":"[11:16:51.912 AM]: Trying to initialize Easy Logging"}
{"level":"INFO","message":"[11:16:51.994 AM]: No client config detected."}
{"level":"INFO","message":"[11:16:51.995 AM]: No config file path found. Client config will not be used."}
{"level":"INFO","message":"[11:16:51.996 AM]: Easy Logging is disabled as no config has been found"}
{"level":"INFO","message":"[11:16:51.997 AM]: Connection[id: fb04625b-0b16-4910-a089-37c377d49433] - authentication successful using: SNOWFLAKE"}
{"level":"INFO","message":"[11:16:55.556 AM]: Connection[id: fb04625b-0b16-4910-a089-37c377d49433] - connection established successfully after 3645.26 milliseconds"}
{"level":"INFO","message":"[11:26:19.456 AM]: Creating new connection object"}
{"level":"INFO","message":"[11:26:19.514 AM]: Creating Connection[id: a54b2837-3496-4d8d-b655-aae7f7f222e5] with host: MVNNXMB-IX26326.snowflakecomputing.com, account: MVNNXMB-IX26326, accessUrl: https://MVNNXMB-IX26326.snowflakecomputing.com, user: KANAKPALIWAL, role: undefined, database: PTE_EXAM_PREP_PLATFORM, schema: PUBLIC, warehouse: COMPUTE_WH, proxy was not configured, password is provided, region: undefined, authenticator: SNOWFLAKE, ocsp mode: FAIL_OPEN, os: win32, os version: 10.0.19045"}
{"level":"INFO","message":"[11:26:19.516 AM]: Connection[id: a54b2837-3496-4d8d-b655-aae7f7f222e5] additional details: passcode in password is provided, passcode is not provided, private key is not provided, application: undefined, client name: snowflake-sdk, client version: 2.4.1, retry timeout: 300, private key path: undefined, private key pass is not provided, client store temporary credential: false, browser response timeout: 120000"}
{"level":"INFO","message":"[11:26:19.518 AM]: Connection[id: a54b2837-3496-4d8d-b655-aae7f7f222e5] - connection object created successfully."}
{"level":"INFO","message":"[11:26:19.521 AM]: Connection[id: a54b2837-3496-4d8d-b655-aae7f7f222e5] - async connecting. Associated Snowflake domain: GLOBAL"}
{"level":"INFO","message":"[11:26:19.525 AM]: Trying to initialize Easy Logging"}
{"level":"INFO","message":"[11:26:19.648 AM]: No client config detected."}
{"level":"INFO","message":"[11:26:19.649 AM]: No config file path found. Client config will not be used."}
{"level":"INFO","message":"[11:26:19.650 AM]: Easy Logging is disabled as no config has been found"}
{"level":"INFO","message":"[11:26:19.652 AM]: Connection[id: a54b2837-3496-4d8d-b655-aae7f7f222e5] - authentication successful using: SNOWFLAKE"}
{"level":"INFO","message":"[11:26:23.303 AM]: Connection[id: a54b2837-3496-4d8d-b655-aae7f7f222e5] - connection established successfully after 3781.25 milliseconds"}
{"level":"INFO","message":"[11:29:31.596 AM]: Creating new connection object"}
{"level":"INFO","message":"[11:29:31.616 AM]: Creating Connection[id: 80e29d49-8774-4daf-977a-9b2ccb14d375] with host: MVNNXMB-IX26326.snowflakecomputing.com, account: MVNNXMB-IX26326, accessUrl: https://MVNNXMB-IX26326.snowflakecomputing.com, user: KANAKPALIWAL, role: undefined, database: PTE_EXAM_PREP_PLATFORM, schema: PUBLIC, warehouse: COMPUTE_WH, proxy was not configured, password is provided, region: undefined, authenticator: SNOWFLAKE, ocsp mode: FAIL_OPEN, os: win32, os version: 10.0.19045"}
{"level":"INFO","message":"[11:29:31.617 AM]: Connection[id: 80e29d49-8774-4daf-977a-9b2ccb14d375] additional details: passcode in password is provided, passcode is not provided, private key is not provided, application: undefined, client name: snowflake-sdk, client version: 2.4.1, retry timeout: 300, private key path: undefined, private key pass is not provided, client store temporary credential: false, browser response timeout: 120000"}
{"level":"INFO","message":"[11:29:31.617 AM]: Connection[id: 80e29d49-8774-4daf-977a-9b2ccb14d375] - connection object created successfully."}
{"level":"INFO","message":"[11:29:31.618 AM]: Connection[id: 80e29d49-8774-4daf-977a-9b2ccb14d375] - async connecting. Associated Snowflake domain: GLOBAL"}
{"level":"INFO","message":"[11:29:31.619 AM]: Trying to initialize Easy Logging"}
{"level":"INFO","message":"[11:29:31.671 AM]: No client config detected."}
{"level":"INFO","message":"[11:29:31.671 AM]: No config file path found. Client config will not be used."}
{"level":"INFO","message":"[11:29:31.671 AM]: Easy Logging is disabled as no config has been found"}
{"level":"INFO","message":"[11:29:31.672 AM]: Connection[id: 80e29d49-8774-4daf-977a-9b2ccb14d375] - authentication successful using: SNOWFLAKE"}
{"level":"INFO","message":"[11:29:35.223 AM]: Connection[id: 80e29d49-8774-4daf-977a-9b2ccb14d375] - connection established successfully after 3604.9 milliseconds"}
{"level":"INFO","message":"[12:46:13.518 PM]: Creating new connection object"}
{"level":"INFO","message":"[12:46:13.597 PM]: Creating Connection[id: f6ed47be-60bd-4d4e-bc9b-40d8173feacc] with host: MVNNXMB-IX26326.snowflakecomputing.com, account: MVNNXMB-IX26326, accessUrl: https://MVNNXMB-IX26326.snowflakecomputing.com, user: KANAKPALIWAL, role: undefined, database: PTE_EXAM_PREP_PLATFORM, schema: PUBLIC, warehouse: COMPUTE_WH, proxy was not configured, password is provided, region: undefined, authenticator: SNOWFLAKE, ocsp mode: FAIL_OPEN, os: win32, os version: 10.0.19045"}
{"level":"INFO","message":"[12:46:13.600 PM]: Connection[id: f6ed47be-60bd-4d4e-bc9b-40d8173feacc] additional details: passcode in password is provided, passcode is not provided, private key is not provided, application: undefined, client name: snowflake-sdk, client version: 2.4.1, retry timeout: 300, private key path: undefined, private key pass is not provided, client store temporary credential: false, browser response timeout: 120000"}
{"level":"INFO","message":"[12:46:13.603 PM]: Connection[id: f6ed47be-60bd-4d4e-bc9b-40d8173feacc] - connection object created successfully."}
{"level":"INFO","message":"[12:46:13.606 PM]: Connection[id: f6ed47be-60bd-4d4e-bc9b-40d8173feacc] - async connecting. Associated Snowflake domain: GLOBAL"}
{"level":"INFO","message":"[12:46:13.609 PM]: Trying to initialize Easy Logging"}
{"level":"INFO","message":"[12:46:13.806 PM]: No client config detected."}
{"level":"INFO","message":"[12:46:13.808 PM]: No config file path found. Client config will not be used."}
{"level":"INFO","message":"[12:46:13.809 PM]: Easy Logging is disabled as no config has been found"}
{"level":"INFO","message":"[12:46:13.810 PM]: Connection[id: f6ed47be-60bd-4d4e-bc9b-40d8173feacc] - authentication successful using: SNOWFLAKE"}
{"level":"INFO","message":"[12:46:18.631 PM]: Connection[id: f6ed47be-60bd-4d4e-bc9b-40d8173feacc] - connection established successfully after 5025.2 milliseconds"}
{"level":"INFO","message":"[12:52:35.768 PM]: Creating new connection object"}
{"level":"INFO","message":"[12:52:35.814 PM]: Creating Connection[id: 74feb64b-0acf-44d1-8511-b164bab69745] with host: MVNNXMB-IX26326.snowflakecomputing.com, account: MVNNXMB-IX26326, accessUrl: https://MVNNXMB-IX26326.snowflakecomputing.com, user: KANAKPALIWAL, role: undefined, database: PTE_EXAM_PREP_PLATFORM, schema: PUBLIC, warehouse: COMPUTE_WH, proxy was not configured, password is provided, region: undefined, authenticator: SNOWFLAKE, ocsp mode: FAIL_OPEN, os: win32, os version: 10.0.19045"}
{"level":"INFO","message":"[12:52:35.815 PM]: Connection[id: 74feb64b-0acf-44d1-8511-b164bab69745] additional details: passcode in password is provided, passcode is not provided, private key is not provided, application: undefined, client name: snowflake-sdk, client version: 2.4.1, retry timeout: 300, private key path: undefined, private key pass is not provided, client store temporary credential: false, browser response timeout: 120000"}
{"level":"INFO","message":"[12:52:35.817 PM]: Connection[id: 74feb64b-0acf-44d1-8511-b164bab69745] - connection object created successfully."}
{"level":"INFO","message":"[12:52:35.819 PM]: Connection[id: 74feb64b-0acf-44d1-8511-b164bab69745] - async connecting. Associated Snowflake domain: GLOBAL"}
{"level":"INFO","message":"[12:52:35.820 PM]: Trying to initialize Easy Logging"}
{"level":"INFO","message":"[12:52:35.910 PM]: No client config detected."}
{"level":"INFO","message":"[12:52:35.911 PM]: No config file path found. Client config will not be used."}
{"level":"INFO","message":"[12:52:35.912 PM]: Easy Logging is disabled as no config has been found"}
{"level":"INFO","message":"[12:52:35.913 PM]: Connection[id: 74feb64b-0acf-44d1-8511-b164bab69745] - authentication successful using: SNOWFLAKE"}
{"level":"INFO","message":"[12:52:41.144 PM]: Connection[id: 74feb64b-0acf-44d1-8511-b164bab69745] - connection established successfully after 5325.28 milliseconds"}
{"level":"INFO","message":"[5:38:56.142 PM]: Creating new connection object"}
{"level":"INFO","message":"[5:38:57.179 PM]: Creating Connection[id: aba9604a-6ad2-448e-8b35-0c95a14145aa] with host: MVNNXMB-IX26326.snowflakecomputing.com, account: MVNNXMB-IX26326, accessUrl: https://MVNNXMB-IX26326.snowflakecomputing.com, user: KANAKPALIWAL, role: undefined, database: PTE_EXAM_PREP_PLATFORM, schema: PUBLIC, warehouse: COMPUTE_WH, proxy was not configured, password is provided, region: undefined, authenticator: SNOWFLAKE, ocsp mode: FAIL_OPEN, os: win32, os version: 10.0.19045"}
{"level":"INFO","message":"[5:38:57.183 PM]: Connection[id: aba9604a-6ad2-448e-8b35-0c95a14145aa] additional details: passcode in password is provided, passcode is not provided, private key is not provided, application: undefined, client name: snowflake-sdk, client version: 2.4.1, retry timeout: 300, private key path: undefined, private key pass is not provided, client store temporary credential: false, browser response timeout: 120000"}
{"level":"INFO","message":"[5:38:57.186 PM]: Connection[id: aba9604a-6ad2-448e-8b35-0c95a14145aa] - connection object created successfully."}
{"level":"INFO","message":"[5:38:57.191 PM]: Connection[id: aba9604a-6ad2-448e-8b35-0c95a14145aa] - async connecting. Associated Snowflake domain: GLOBAL"}
{"level":"INFO","message":"[5:38:57.194 PM]: Trying to initialize Easy Logging"}
{"level":"INFO","message":"[5:38:58.684 PM]: No client config detected."}
{"level":"INFO","message":"[5:38:58.685 PM]: No config file path found. Client config will not be used."}
{"level":"INFO","message":"[5:38:58.687 PM]: Easy Logging is disabled as no config has been found"}
{"level":"INFO","message":"[5:38:58.689 PM]: Connection[id: aba9604a-6ad2-448e-8b35-0c95a14145aa] - authentication successful using: SNOWFLAKE"}
{"level":"INFO","message":"[5:39:03.162 PM]: Connection[id: aba9604a-6ad2-448e-8b35-0c95a14145aa] - connection established successfully after 5971.2 milliseconds"}
{"level":"INFO","message":"[10:23:54.428 AM]: Creating new connection object"}
{"level":"INFO","message":"[10:23:54.463 AM]: Creating Connection[id: 9763644b-d305-47b2-a6c3-5b95f66fb3be] with host: MVNNXMB-IX26326.snowflakecomputing.com, account: MVNNXMB-IX26326, accessUrl: https://MVNNXMB-IX26326.snowflakecomputing.com, user: KANAKPALIWAL, role: undefined, database: PTE_EXAM_PREP_PLATFORM, schema: PUBLIC, warehouse: COMPUTE_WH, proxy was not configured, password is provided, region: undefined, authenticator: SNOWFLAKE, ocsp mode: FAIL_OPEN, os: win32, os version: 10.0.19045"}
{"level":"INFO","message":"[10:23:54.464 AM]: Connection[id: 9763644b-d305-47b2-a6c3-5b95f66fb3be] additional details: passcode in password is provided, passcode is not provided, private key is not provided, application: undefined, client name: snowflake-sdk, client version: 2.4.1, retry timeout: 300, private key path: undefined, private key pass is not provided, client store temporary credential: false, browser response timeout: 120000"}
{"level":"INFO","message":"[10:23:54.464 AM]: Connection[id: 9763644b-d305-47b2-a6c3-5b95f66fb3be] - connection object created successfully."}
{"level":"INFO","message":"[10:23:54.465 AM]: Connection[id: 9763644b-d305-47b2-a6c3-5b95f66fb3be] - async connecting. Associated Snowflake domain: GLOBAL"}
{"level":"INFO","message":"[10:23:54.466 AM]: Trying to initialize Easy Logging"}
{"level":"INFO","message":"[10:23:54.534 AM]: No client config detected."}
{"level":"INFO","message":"[10:23:54.535 AM]: No config file path found. Client config will not be used."}
{"level":"INFO","message":"[10:23:54.535 AM]: Easy Logging is disabled as no config has been found"}
{"level":"INFO","message":"[10:23:54.535 AM]: Connection[id: 9763644b-d305-47b2-a6c3-5b95f66fb3be] - authentication successful using: SNOWFLAKE"}
{"level":"INFO","message":"[10:23:57.708 AM]: Connection[id: 9763644b-d305-47b2-a6c3-5b95f66fb3be] - connection established successfully after 3243.44 milliseconds"}
{"level":"INFO","message":"[11:03:24.161 AM]: Creating new connection object"}
{"level":"INFO","message":"[11:03:24.210 AM]: Creating Connection[id: c7be9d52-cb15-45c2-9edd-4794a5fb189a] with host: MVNNXMB-IX26326.snowflakecomputing.com, account: MVNNXMB-IX26326, accessUrl: https://MVNNXMB-IX26326.snowflakecomputing.com, user: KANAKPALIWAL, role: undefined, database: PTE_EXAM_PREP_PLATFORM, schema: PUBLIC, warehouse: COMPUTE_WH, proxy was not configured, password is provided, region: undefined, authenticator: SNOWFLAKE, ocsp mode: FAIL_OPEN, os: win32, os version: 10.0.19045"}
{"level":"INFO","message":"[11:03:24.211 AM]: Connection[id: c7be9d52-cb15-45c2-9edd-4794a5fb189a] additional details: passcode in password is provided, passcode is not provided, private key is not provided, application: undefined, client name: snowflake-sdk, client version: 2.4.1, retry timeout: 300, private key path: undefined, private key pass is not provided, client store temporary credential: false, browser response timeout: 120000"}
{"level":"INFO","message":"[11:03:24.212 AM]: Connection[id: c7be9d52-cb15-45c2-9edd-4794a5fb189a] - connection object created successfully."}
{"level":"INFO","message":"[11:03:24.214 AM]: Connection[id: c7be9d52-cb15-45c2-9edd-4794a5fb189a] - async connecting. Associated Snowflake domain: GLOBAL"}
{"level":"INFO","message":"[11:03:24.215 AM]: Trying to initialize Easy Logging"}
{"level":"INFO","message":"[11:03:24.338 AM]: No client config detected."}
{"level":"INFO","message":"[11:03:24.339 AM]: No config file path found. Client config will not be used."}
{"level":"INFO","message":"[11:03:24.340 AM]: Easy Logging is disabled as no config has been found"}
{"level":"INFO","message":"[11:03:24.341 AM]: Connection[id: c7be9d52-cb15-45c2-9edd-4794a5fb189a] - authentication successful using: SNOWFLAKE"}
{"level":"INFO","message":"[11:03:27.547 AM]: Connection[id: c7be9d52-cb15-45c2-9edd-4794a5fb189a] - connection established successfully after 3333.33 milliseconds"}
{"level":"INFO","message":"[11:41:19.441 AM]: Creating new connection object"}
{"level":"INFO","message":"[11:41:19.619 AM]: Creating Connection[id: c152a222-1001-4f3c-bf9e-6747de5e154b] with host: MVNNXMB-IX26326.snowflakecomputing.com, account: MVNNXMB-IX26326, accessUrl: https://MVNNXMB-IX26326.snowflakecomputing.com, user: KANAKPALIWAL, role: undefined, database: PTE_EXAM_PREP_PLATFORM, schema: PUBLIC, warehouse: COMPUTE_WH, proxy was not configured, password is provided, region: undefined, authenticator: SNOWFLAKE, ocsp mode: FAIL_OPEN, os: win32, os version: 10.0.19045"}
{"level":"INFO","message":"[11:41:19.640 AM]: Connection[id: c152a222-1001-4f3c-bf9e-6747de5e154b] additional details: passcode in password is provided, passcode is not provided, private key is not provided, application: undefined, client name: snowflake-sdk, client version: 2.4.1, retry timeout: 300, private key path: undefined, private key pass is not provided, client store temporary credential: false, browser response timeout: 120000"}
{"level":"INFO","message":"[11:41:19.641 AM]: Connection[id: c152a222-1001-4f3c-bf9e-6747de5e154b] - connection object created successfully."}
{"level":"INFO","message":"[11:41:19.781 AM]: Connection[id: c152a222-1001-4f3c-bf9e-6747de5e154b] - async connecting. Associated Snowflake domain: GLOBAL"}
{"level":"INFO","message":"[11:41:19.842 AM]: Trying to initialize Easy Logging"}
{"level":"INFO","message":"[11:41:20.331 AM]: No client config detected."}
{"level":"INFO","message":"[11:41:20.432 AM]: No config file path found. Client config will not be used."}
{"level":"INFO","message":"[11:41:20.521 AM]: Easy Logging is disabled as no config has been found"}
{"level":"INFO","message":"[11:41:20.558 AM]: Connection[id: c152a222-1001-4f3c-bf9e-6747de5e154b] - authentication successful using: SNOWFLAKE"}
{"level":"INFO","message":"[11:41:27.710 AM]: Connection[id: c152a222-1001-4f3c-bf9e-6747de5e154b] - connection established successfully after 7928.53 milliseconds"}
{"level":"INFO","message":"[11:43:42.874 AM]: Creating new connection object"}
{"level":"INFO","message":"[11:43:42.953 AM]: Creating Connection[id: c51d3b2d-945d-41f3-9112-b120c18c5dd6] with host: MVNNXMB-IX26326.snowflakecomputing.com, account: MVNNXMB-IX26326, accessUrl: https://MVNNXMB-IX26326.snowflakecomputing.com, user: KANAKPALIWAL, role: undefined, database: PTE_EXAM_PREP_PLATFORM, schema: PUBLIC, warehouse: COMPUTE_WH, proxy was not configured, password is provided, region: undefined, authenticator: SNOWFLAKE, ocsp mode: FAIL_OPEN, os: win32, os version: 10.0.19045"}
{"level":"INFO","message":"[11:43:42.956 AM]: Connection[id: c51d3b2d-945d-41f3-9112-b120c18c5dd6] additional details: passcode in password is provided, passcode is not provided, private key is not provided, application: undefined, client name: snowflake-sdk, client version: 2.4.1, retry timeout: 300, private key path: undefined, private key pass is not provided, client store temporary credential: false, browser response timeout: 120000"}
{"level":"INFO","message":"[11:43:42.958 AM]: Connection[id: c51d3b2d-945d-41f3-9112-b120c18c5dd6] - connection object created successfully."}
{"level":"INFO","message":"[11:43:42.961 AM]: Connection[id: c51d3b2d-945d-41f3-9112-b120c18c5dd6] - async connecting. Associated Snowflake domain: GLOBAL"}
{"level":"INFO","message":"[11:43:42.965 AM]: Trying to initialize Easy Logging"}
{"level":"INFO","message":"[11:43:43.114 AM]: No client config detected."}
{"level":"INFO","message":"[11:43:43.115 AM]: No config file path found. Client config will not be used."}
{"level":"INFO","message":"[11:43:43.115 AM]: Easy Logging is disabled as no config has been found"}
{"level":"INFO","message":"[11:43:43.116 AM]: Connection[id: c51d3b2d-945d-41f3-9112-b120c18c5dd6] - authentication successful using: SNOWFLAKE"}
{"level":"INFO","message":"[11:43:46.801 AM]: Connection[id: c51d3b2d-945d-41f3-9112-b120c18c5dd6] - connection established successfully after 3839.77 milliseconds"}
{"level":"INFO","message":"[11:49:11.757 AM]: Creating new connection object"}
{"level":"INFO","message":"[11:49:11.790 AM]: Creating Connection[id: 2a1a93ea-2f7b-43dd-8797-a07c20bb5c48] with host: MVNNXMB-IX26326.snowflakecomputing.com, account: MVNNXMB-IX26326, accessUrl: https://MVNNXMB-IX26326.snowflakecomputing.com, user: KANAKPALIWAL, role: undefined, database: PTE_EXAM_PREP_PLATFORM, schema: PUBLIC, warehouse: COMPUTE_WH, proxy was not configured, password is provided, region: undefined, authenticator: SNOWFLAKE, ocsp mode: FAIL_OPEN, os: win32, os version: 10.0.19045"}
{"level":"INFO","message":"[11:49:11.791 AM]: Connection[id: 2a1a93ea-2f7b-43dd-8797-a07c20bb5c48] additional details: passcode in password is provided, passcode is not provided, private key is not provided, application: undefined, client name: snowflake-sdk, client version: 2.4.1, retry timeout: 300, private key path: undefined, private key pass is not provided, client store temporary credential: false, browser response timeout: 120000"}
{"level":"INFO","message":"[11:49:11.792 AM]: Connection[id: 2a1a93ea-2f7b-43dd-8797-a07c20bb5c48] - connection object created successfully."}
{"level":"INFO","message":"[11:49:11.793 AM]: Connection[id: 2a1a93ea-2f7b-43dd-8797-a07c20bb5c48] - async connecting. Associated Snowflake domain: GLOBAL"}
{"level":"INFO","message":"[11:49:11.794 AM]: Trying to initialize Easy Logging"}
{"level":"INFO","message":"[11:49:11.851 AM]: No client config detected."}
{"level":"INFO","message":"[11:49:11.851 AM]: No config file path found. Client config will not be used."}
{"level":"INFO","message":"[11:49:11.852 AM]: Easy Logging is disabled as no config has been found"}
{"level":"INFO","message":"[11:49:11.852 AM]: Connection[id: 2a1a93ea-2f7b-43dd-8797-a07c20bb5c48] - authentication successful using: SNOWFLAKE"}
{"level":"INFO","message":"[11:49:17.290 AM]: Connection[id: 2a1a93ea-2f7b-43dd-8797-a07c20bb5c48] - connection established successfully after 5496.85 milliseconds"}
{"level":"INFO","message":"[11:49:44.892 AM]: Creating new connection object"}
{"level":"INFO","message":"[11:49:44.931 AM]: Creating Connection[id: bf0cd17e-d61e-4066-859d-6488b5fc4ce8] with host: MVNNXMB-IX26326.snowflakecomputing.com, account: MVNNXMB-IX26326, accessUrl: https://MVNNXMB-IX26326.snowflakecomputing.com, user: KANAKPALIWAL, role: undefined, database: PTE_EXAM_PREP_PLATFORM, schema: PUBLIC, warehouse: COMPUTE_WH, proxy was not configured, password is provided, region: undefined, authenticator: SNOWFLAKE, ocsp mode: FAIL_OPEN, os: win32, os version: 10.0.19045"}
{"level":"INFO","message":"[11:49:44.933 AM]: Connection[id: bf0cd17e-d61e-4066-859d-6488b5fc4ce8] additional details: passcode in password is provided, passcode is not provided, private key is not provided, application: undefined, client name: snowflake-sdk, client version: 2.4.1, retry timeout: 300, private key path: undefined, private key pass is not provided, client store temporary credential: false, browser response timeout: 120000"}
{"level":"INFO","message":"[11:49:44.935 AM]: Connection[id: bf0cd17e-d61e-4066-859d-6488b5fc4ce8] - connection object created successfully."}
{"level":"INFO","message":"[11:49:44.937 AM]: Connection[id: bf0cd17e-d61e-4066-859d-6488b5fc4ce8] - async connecting. Associated Snowflake domain: GLOBAL"}
{"level":"INFO","message":"[11:49:44.939 AM]: Trying to initialize Easy Logging"}
{"level":"INFO","message":"[11:49:45.090 AM]: No client config detected."}
{"level":"INFO","message":"[11:49:45.091 AM]: No config file path found. Client config will not be used."}
{"level":"INFO","message":"[11:49:45.091 AM]: Easy Logging is disabled as no config has been found"}
{"level":"INFO","message":"[11:49:45.092 AM]: Connection[id: bf0cd17e-d61e-4066-859d-6488b5fc4ce8] - authentication successful using: SNOWFLAKE"}
{"level":"INFO","message":"[11:49:48.711 AM]: Connection[id: bf0cd17e-d61e-4066-859d-6488b5fc4ce8] - connection established successfully after 3773.96 milliseconds"}
{"level":"INFO","message":"[11:55:59.332 AM]: Creating new connection object"}
{"level":"INFO","message":"[11:55:59.355 AM]: Creating Connection[id: 69ada4b3-25d0-48d8-89e8-08cfc0562a02] with host: MVNNXMB-IX26326.snowflakecomputing.com, account: MVNNXMB-IX26326, accessUrl: https://MVNNXMB-IX26326.snowflakecomputing.com, user: KANAKPALIWAL, role: undefined, database: PTE_EXAM_PREP_PLATFORM, schema: PUBLIC, warehouse: COMPUTE_WH, proxy was not configured, password is provided, region: undefined, authenticator: SNOWFLAKE, ocsp mode: FAIL_OPEN, os: win32, os version: 10.0.19045"}
{"level":"INFO","message":"[11:55:59.355 AM]: Connection[id: 69ada4b3-25d0-48d8-89e8-08cfc0562a02] additional details: passcode in password is provided, passcode is not provided, private key is not provided, application: undefined, client name: snowflake-sdk, client version: 2.4.1, retry timeout: 300, private key path: undefined, private key pass is not provided, client store temporary credential: false, browser response timeout: 120000"}
{"level":"INFO","message":"[11:55:59.356 AM]: Connection[id: 69ada4b3-25d0-48d8-89e8-08cfc0562a02] - connection object created successfully."}
{"level":"INFO","message":"[11:55:59.358 AM]: Connection[id: 69ada4b3-25d0-48d8-89e8-08cfc0562a02] - async connecting. Associated Snowflake domain: GLOBAL"}
{"level":"INFO","message":"[11:55:59.359 AM]: Trying to initialize Easy Logging"}
{"level":"INFO","message":"[11:55:59.406 AM]: No client config detected."}
{"level":"INFO","message":"[11:55:59.406 AM]: No config file path found. Client config will not be used."}
{"level":"INFO","message":"[11:55:59.406 AM]: Easy Logging is disabled as no config has been found"}
{"level":"INFO","message":"[11:55:59.407 AM]: Connection[id: 69ada4b3-25d0-48d8-89e8-08cfc0562a02] - authentication successful using: SNOWFLAKE"}
{"level":"INFO","message":"[11:56:02.793 AM]: Connection[id: 69ada4b3-25d0-48d8-89e8-08cfc0562a02] - connection established successfully after 3434.83 milliseconds"}
{"level":"INFO","message":"[12:22:14.604 PM]: Creating new connection object"}
{"level":"INFO","message":"[12:22:14.629 PM]: Creating Connection[id: 9d366fc5-7e82-44f8-861e-978b0cf55f6d] with host: MVNNXMB-IX26326.snowflakecomputing.com, account: MVNNXMB-IX26326, accessUrl: https://MVNNXMB-IX26326.snowflakecomputing.com, user: KANAKPALIWAL, role: undefined, database: PTE_EXAM_PREP_PLATFORM, schema: PUBLIC, warehouse: COMPUTE_WH, proxy was not configured, password is provided, region: undefined, authenticator: SNOWFLAKE, ocsp mode: FAIL_OPEN, os: win32, os version: 10.0.19045"}
{"level":"INFO","message":"[12:22:14.630 PM]: Connection[id: 9d366fc5-7e82-44f8-861e-978b0cf55f6d] additional details: passcode in password is provided, passcode is not provided, private key is not provided, application: undefined, client name: snowflake-sdk, client version: 2.4.1, retry timeout: 300, private key path: undefined, private key pass is not provided, client store temporary credential: false, browser response timeout: 120000"}
{"level":"INFO","message":"[12:22:14.630 PM]: Connection[id: 9d366fc5-7e82-44f8-861e-978b0cf55f6d] - connection object created successfully."}
{"level":"INFO","message":"[12:22:14.631 PM]: Connection[id: 9d366fc5-7e82-44f8-861e-978b0cf55f6d] - async connecting. Associated Snowflake domain: GLOBAL"}
{"level":"INFO","message":"[12:22:14.632 PM]: Trying to initialize Easy Logging"}
{"level":"INFO","message":"[12:22:14.687 PM]: No client config detected."}
{"level":"INFO","message":"[12:22:14.687 PM]: No config file path found. Client config will not be used."}
{"level":"INFO","message":"[12:22:14.687 PM]: Easy Logging is disabled as no config has been found"}
{"level":"INFO","message":"[12:22:14.688 PM]: Connection[id: 9d366fc5-7e82-44f8-861e-978b0cf55f6d] - authentication successful using: SNOWFLAKE"}
{"level":"INFO","message":"[12:22:17.436 PM]: Connection[id: 9d366fc5-7e82-44f8-861e-978b0cf55f6d] - connection established successfully after 2805.01 milliseconds"}
{"level":"INFO","message":"[12:45:44.203 PM]: Creating new connection object"}
{"level":"INFO","message":"[12:45:44.229 PM]: Creating Connection[id: 2fe7f022-99eb-4d3b-93ef-8360fad35123] with host: MVNNXMB-IX26326.snowflakecomputing.com, account: MVNNXMB-IX26326, accessUrl: https://MVNNXMB-IX26326.snowflakecomputing.com, user: KANAKPALIWAL, role: undefined, database: PTE_EXAM_PREP_PLATFORM, schema: PUBLIC, warehouse: COMPUTE_WH, proxy was not configured, password is provided, region: undefined, authenticator: SNOWFLAKE, ocsp mode: FAIL_OPEN, os: win32, os version: 10.0.19045"}
{"level":"INFO","message":"[12:45:44.230 PM]: Connection[id: 2fe7f022-99eb-4d3b-93ef-8360fad35123] additional details: passcode in password is provided, passcode is not provided, private key is not provided, application: undefined, client name: snowflake-sdk, client version: 2.4.1, retry timeout: 300, private key path: undefined, private key pass is not provided, client store temporary credential: false, browser response timeout: 120000"}
{"level":"INFO","message":"[12:45:44.231 PM]: Connection[id: 2fe7f022-99eb-4d3b-93ef-8360fad35123] - connection object created successfully."}
{"level":"INFO","message":"[12:45:44.232 PM]: Connection[id: 2fe7f022-99eb-4d3b-93ef-8360fad35123] - async connecting. Associated Snowflake domain: GLOBAL"}
{"level":"INFO","message":"[12:45:44.232 PM]: Trying to initialize Easy Logging"}
{"level":"INFO","message":"[12:45:44.301 PM]: No client config detected."}
{"level":"INFO","message":"[12:45:44.302 PM]: No config file path found. Client config will not be used."}
{"level":"INFO","message":"[12:45:44.303 PM]: Easy Logging is disabled as no config has been found"}
{"level":"INFO","message":"[12:45:44.304 PM]: Connection[id: 2fe7f022-99eb-4d3b-93ef-8360fad35123] - authentication successful using: SNOWFLAKE"}
{"level":"INFO","message":"[12:45:47.950 PM]: Connection[id: 2fe7f022-99eb-4d3b-93ef-8360fad35123] - connection established successfully after 3718.57 milliseconds"}
{"level":"INFO","message":"[12:46:10.366 PM]: Creating new connection object"}
{"level":"INFO","message":"[12:46:10.382 PM]: Creating Connection[id: 1d7a83d0-d19c-4a3b-9802-7f06d4646cab] with host: MVNNXMB-IX26326.snowflakecomputing.com, account: MVNNXMB-IX26326, accessUrl: https://MVNNXMB-IX26326.snowflakecomputing.com, user: KANAKPALIWAL, role: undefined, database: PTE_EXAM_PREP_PLATFORM, schema: PUBLIC, warehouse: COMPUTE_WH, proxy was not configured, password is provided, region: undefined, authenticator: SNOWFLAKE, ocsp mode: FAIL_OPEN, os: win32, os version: 10.0.19045"}
{"level":"INFO","message":"[12:46:10.383 PM]: Connection[id: 1d7a83d0-d19c-4a3b-9802-7f06d4646cab] additional details: passcode in password is provided, passcode is not provided, private key is not provided, application: undefined, client name: snowflake-sdk, client version: 2.4.1, retry timeout: 300, private key path: undefined, private key pass is not provided, client store temporary credential: false, browser response timeout: 120000"}
{"level":"INFO","message":"[12:46:10.383 PM]: Connection[id: 1d7a83d0-d19c-4a3b-9802-7f06d4646cab] - connection object created successfully."}
{"level":"INFO","message":"[12:46:10.384 PM]: Connection[id: 1d7a83d0-d19c-4a3b-9802-7f06d4646cab] - async connecting. Associated Snowflake domain: GLOBAL"}
{"level":"INFO","message":"[12:46:10.385 PM]: Trying to initialize Easy Logging"}
{"level":"INFO","message":"[12:46:10.423 PM]: No client config detected."}
{"level":"INFO","message":"[12:46:10.424 PM]: No config file path found. Client config will not be used."}
{"level":"INFO","message":"[12:46:10.424 PM]: Easy Logging is disabled as no config has been found"}
{"level":"INFO","message":"[12:46:10.426 PM]: Connection[id: 1d7a83d0-d19c-4a3b-9802-7f06d4646cab] - authentication successful using: SNOWFLAKE"}
{"level":"INFO","message":"[12:46:13.762 PM]: Connection[id: 1d7a83d0-d19c-4a3b-9802-7f06d4646cab] - connection established successfully after 3377.72 milliseconds"}
{"level":"INFO","message":"[12:48:58.500 PM]: Creating new connection object"}
{"level":"INFO","message":"[12:48:58.515 PM]: Creating Connection[id: cc64fc38-ddf5-420d-aad6-4ffc4ddc6305] with host: MVNNXMB-IX26326.snowflakecomputing.com, account: MVNNXMB-IX26326, accessUrl: https://MVNNXMB-IX26326.snowflakecomputing.com, user: KANAKPALIWAL, role: undefined, database: PTE_EXAM_PREP_PLATFORM, schema: PUBLIC, warehouse: COMPUTE_WH, proxy was not configured, password is provided, region: undefined, authenticator: SNOWFLAKE, ocsp mode: FAIL_OPEN, os: win32, os version: 10.0.19045"}
{"level":"INFO","message":"[12:48:58.516 PM]: Connection[id: cc64fc38-ddf5-420d-aad6-4ffc4ddc6305] additional details: passcode in password is provided, passcode is not provided, private key is not provided, application: undefined, client name: snowflake-sdk, client version: 2.4.1, retry timeout: 300, private key path: undefined, private key pass is not provided, client store temporary credential: false, browser response timeout: 120000"}
{"level":"INFO","message":"[12:48:58.518 PM]: Connection[id: cc64fc38-ddf5-420d-aad6-4ffc4ddc6305] - connection object created successfully."}
{"level":"INFO","message":"[12:48:58.519 PM]: Connection[id: cc64fc38-ddf5-420d-aad6-4ffc4ddc6305] - async connecting. Associated Snowflake domain: GLOBAL"}
{"level":"INFO","message":"[12:48:58.519 PM]: Trying to initialize Easy Logging"}
{"level":"INFO","message":"[12:48:58.558 PM]: No client config detected."}
{"level":"INFO","message":"[12:48:58.559 PM]: No config file path found. Client config will not be used."}
{"level":"INFO","message":"[12:48:58.559 PM]: Easy Logging is disabled as no config has been found"}
{"level":"INFO","message":"[12:48:58.560 PM]: Connection[id: cc64fc38-ddf5-420d-aad6-4ffc4ddc6305] - authentication successful using: SNOWFLAKE"}
{"level":"INFO","message":"[12:49:03.807 PM]: Connection[id: cc64fc38-ddf5-420d-aad6-4ffc4ddc6305] - connection established successfully after 5287.9 milliseconds"}
{"level":"INFO","message":"[12:49:13.461 PM]: Creating new connection object"}
{"level":"INFO","message":"[12:49:13.476 PM]: Creating Connection[id: 09d51a89-4f0c-464b-adb2-48c9014243a2] with host: MVNNXMB-IX26326.snowflakecomputing.com, account: MVNNXMB-IX26326, accessUrl: https://MVNNXMB-IX26326.snowflakecomputing.com, user: KANAKPALIWAL, role: undefined, database: PTE_EXAM_PREP_PLATFORM, schema: PUBLIC, warehouse: COMPUTE_WH, proxy was not configured, password is provided, region: undefined, authenticator: SNOWFLAKE, ocsp mode: FAIL_OPEN, os: win32, os version: 10.0.19045"}
{"level":"INFO","message":"[12:49:13.476 PM]: Connection[id: 09d51a89-4f0c-464b-adb2-48c9014243a2] additional details: passcode in password is provided, passcode is not provided, private key is not provided, application: undefined, client name: snowflake-sdk, client version: 2.4.1, retry timeout: 300, private key path: undefined, private key pass is not provided, client store temporary credential: false, browser response timeout: 120000"}
{"level":"INFO","message":"[12:49:13.477 PM]: Connection[id: 09d51a89-4f0c-464b-adb2-48c9014243a2] - connection object created successfully."}
{"level":"INFO","message":"[12:49:13.477 PM]: Connection[id: 09d51a89-4f0c-464b-adb2-48c9014243a2] - async connecting. Associated Snowflake domain: GLOBAL"}
{"level":"INFO","message":"[12:49:13.478 PM]: Trying to initialize Easy Logging"}
{"level":"INFO","message":"[12:49:13.511 PM]: No client config detected."}
{"level":"INFO","message":"[12:49:13.511 PM]: No config file path found. Client config will not be used."}
{"level":"INFO","message":"[12:49:13.512 PM]: Easy Logging is disabled as no config has been found"}
{"level":"INFO","message":"[12:49:13.512 PM]: Connection[id: 09d51a89-4f0c-464b-adb2-48c9014243a2] - authentication successful using: SNOWFLAKE"}
{"level":"INFO","message":"[12:49:19.304 PM]: Connection[id: 09d51a89-4f0c-464b-adb2-48c9014243a2] - connection established successfully after 5826.39 milliseconds"}
{"level":"INFO","message":"[2:36:47.385 PM]: Creating new connection object"}
{"level":"INFO","message":"[2:36:47.407 PM]: Creating Connection[id: 7c1bf6ce-9e19-4c27-9de7-b39bb770e2bd] with host: MVNNXMB-IX26326.snowflakecomputing.com, account: MVNNXMB-IX26326, accessUrl: https://MVNNXMB-IX26326.snowflakecomputing.com, user: KANAKPALIWAL, role: undefined, database: PTE_EXAM_PREP_PLATFORM, schema: PUBLIC, warehouse: COMPUTE_WH, proxy was not configured, password is provided, region: undefined, authenticator: SNOWFLAKE, ocsp mode: FAIL_OPEN, os: win32, os version: 10.0.19045"}
{"level":"INFO","message":"[2:36:47.408 PM]: Connection[id: 7c1bf6ce-9e19-4c27-9de7-b39bb770e2bd] additional details: passcode in password is provided, passcode is not provided, private key is not provided, application: undefined, client name: snowflake-sdk, client version: 2.4.1, retry timeout: 300, private key path: undefined, private key pass is not provided, client store temporary credential: false, browser response timeout: 120000"}
{"level":"INFO","message":"[2:36:47.408 PM]: Connection[id: 7c1bf6ce-9e19-4c27-9de7-b39bb770e2bd] - connection object created successfully."}
{"level":"INFO","message":"[2:36:47.409 PM]: Connection[id: 7c1bf6ce-9e19-4c27-9de7-b39bb770e2bd] - async connecting. Associated Snowflake domain: GLOBAL"}
{"level":"INFO","message":"[2:36:47.409 PM]: Trying to initialize Easy Logging"}
{"level":"INFO","message":"[2:36:47.427 PM]: No client config detected."}
{"level":"INFO","message":"[2:36:47.427 PM]: No config file path found. Client config will not be used."}
{"level":"INFO","message":"[2:36:47.427 PM]: Easy Logging is disabled as no config has been found"}
{"level":"INFO","message":"[2:36:47.427 PM]: Connection[id: 7c1bf6ce-9e19-4c27-9de7-b39bb770e2bd] - authentication successful using: SNOWFLAKE"}
{"level":"INFO","message":"[2:36:50.292 PM]: Connection[id: 7c1bf6ce-9e19-4c27-9de7-b39bb770e2bd] - connection established successfully after 2883.5 milliseconds"}
{"level":"INFO","message":"[3:17:02.215 PM]: Creating new connection object"}
{"level":"INFO","message":"[3:17:02.234 PM]: Creating Connection[id: 92eabd3f-93eb-4b57-8246-911229dedb0b] with host: MVNNXMB-IX26326.snowflakecomputing.com, account: MVNNXMB-IX26326, accessUrl: https://MVNNXMB-IX26326.snowflakecomputing.com, user: KANAKPALIWAL, role: undefined, database: PTE_EXAM_PREP_PLATFORM, schema: PUBLIC, warehouse: COMPUTE_WH, proxy was not configured, password is provided, region: undefined, authenticator: SNOWFLAKE, ocsp mode: FAIL_OPEN, os: win32, os version: 10.0.19045"}
{"level":"INFO","message":"[3:17:02.235 PM]: Connection[id: 92eabd3f-93eb-4b57-8246-911229dedb0b] additional details: passcode in password is provided, passcode is not provided, private key is not provided, application: undefined, client name: snowflake-sdk, client version: 2.4.1, retry timeout: 300, private key path: undefined, private key pass is not provided, client store temporary credential: false, browser response timeout: 120000"}
{"level":"INFO","message":"[3:17:02.235 PM]: Connection[id: 92eabd3f-93eb-4b57-8246-911229dedb0b] - connection object created successfully."}
{"level":"INFO","message":"[3:17:02.236 PM]: Connection[id: 92eabd3f-93eb-4b57-8246-911229dedb0b] - async connecting. Associated Snowflake domain: GLOBAL"}
{"level":"INFO","message":"[3:17:02.236 PM]: Trying to initialize Easy Logging"}
{"level":"INFO","message":"[3:17:02.257 PM]: No client config detected."}
{"level":"INFO","message":"[3:17:02.258 PM]: No config file path found. Client config will not be used."}
{"level":"INFO","message":"[3:17:02.258 PM]: Easy Logging is disabled as no config has been found"}
{"level":"INFO","message":"[3:17:02.259 PM]: Connection[id: 92eabd3f-93eb-4b57-8246-911229dedb0b] - authentication successful using: SNOWFLAKE"}
{"level":"INFO","message":"[3:17:04.952 PM]: Connection[id: 92eabd3f-93eb-4b57-8246-911229dedb0b] - connection established successfully after 2716.69 milliseconds"}
{"level":"INFO","message":"[3:21:13.332 PM]: Creating new connection object"}
{"level":"INFO","message":"[3:21:13.348 PM]: Creating Connection[id: 6dc9d0d2-3bf0-4dea-aac0-3f1efed535eb] with host: MVNNXMB-IX26326.snowflakecomputing.com, account: MVNNXMB-IX26326, accessUrl: https://MVNNXMB-IX26326.snowflakecomputing.com, user: KANAKPALIWAL, role: undefined, database: PTE_EXAM_PREP_PLATFORM, schema: PUBLIC, warehouse: COMPUTE_WH, proxy was not configured, password is provided, region: undefined, authenticator: SNOWFLAKE, ocsp mode: FAIL_OPEN, os: win32, os version: 10.0.19045"}
{"level":"INFO","message":"[3:21:13.349 PM]: Connection[id: 6dc9d0d2-3bf0-4dea-aac0-3f1efed535eb] additional details: passcode in password is provided, passcode is not provided, private key is not provided, application: undefined, client name: snowflake-sdk, client version: 2.4.1, retry timeout: 300, private key path: undefined, private key pass is not provided, client store temporary credential: false, browser response timeout: 120000"}
{"level":"INFO","message":"[3:21:13.349 PM]: Connection[id: 6dc9d0d2-3bf0-4dea-aac0-3f1efed535eb] - connection object created successfully."}
{"level":"INFO","message":"[3:21:13.350 PM]: Connection[id: 6dc9d0d2-3bf0-4dea-aac0-3f1efed535eb] - async connecting. Associated Snowflake domain: GLOBAL"}
{"level":"INFO","message":"[3:21:13.350 PM]: Trying to initialize Easy Logging"}
{"level":"INFO","message":"[3:21:13.366 PM]: No client config detected."}
{"level":"INFO","message":"[3:21:13.367 PM]: No config file path found. Client config will not be used."}
{"level":"INFO","message":"[3:21:13.367 PM]: Easy Logging is disabled as no config has been found"}
{"level":"INFO","message":"[3:21:13.367 PM]: Connection[id: 6dc9d0d2-3bf0-4dea-aac0-3f1efed535eb] - authentication successful using: SNOWFLAKE"}
{"level":"INFO","message":"[3:21:16.072 PM]: Connection[id: 6dc9d0d2-3bf0-4dea-aac0-3f1efed535eb] - connection established successfully after 2721.88 milliseconds"}
{"level":"INFO","message":"[3:38:07.238 PM]: Creating new connection object"}
{"level":"INFO","message":"[3:38:07.270 PM]: Creating Connection[id: 4c4cc09f-9072-4e34-a366-52d4a2e8bfca] with host: MVNNXMB-IX26326.snowflakecomputing.com, account: MVNNXMB-IX26326, accessUrl: https://MVNNXMB-IX26326.snowflakecomputing.com, user: KANAKPALIWAL, role: undefined, database: PTE_EXAM_PREP_PLATFORM, schema: PUBLIC, warehouse: COMPUTE_WH, proxy was not configured, password is provided, region: undefined, authenticator: SNOWFLAKE, ocsp mode: FAIL_OPEN, os: win32, os version: 10.0.19045"}
{"level":"INFO","message":"[3:38:07.271 PM]: Connection[id: 4c4cc09f-9072-4e34-a366-52d4a2e8bfca] additional details: passcode in password is provided, passcode is not provided, private key is not provided, application: undefined, client name: snowflake-sdk, client version: 2.4.1, retry timeout: 300, private key path: undefined, private key pass is not provided, client store temporary credential: false, browser response timeout: 120000"}
{"level":"INFO","message":"[3:38:07.272 PM]: Connection[id: 4c4cc09f-9072-4e34-a366-52d4a2e8bfca] - connection object created successfully."}
{"level":"INFO","message":"[3:38:07.273 PM]: Connection[id: 4c4cc09f-9072-4e34-a366-52d4a2e8bfca] - async connecting. Associated Snowflake domain: GLOBAL"}
{"level":"INFO","message":"[3:38:07.273 PM]: Trying to initialize Easy Logging"}
{"level":"INFO","message":"[3:38:07.302 PM]: No client config detected."}
{"level":"INFO","message":"[3:38:07.303 PM]: No config file path found. Client config will not be used."}
{"level":"INFO","message":"[3:38:07.303 PM]: Easy Logging is disabled as no config has been found"}
{"level":"INFO","message":"[3:38:07.303 PM]: Connection[id: 4c4cc09f-9072-4e34-a366-52d4a2e8bfca] - authentication successful using: SNOWFLAKE"}
{"level":"INFO","message":"[3:38:09.930 PM]: Connection[id: 4c4cc09f-9072-4e34-a366-52d4a2e8bfca] - connection established successfully after 2657.12 milliseconds"}
{"level":"INFO","message":"[3:38:59.214 PM]: Creating new connection object"}
{"level":"INFO","message":"[3:38:59.286 PM]: Creating Connection[id: b03d7552-17ba-4ec4-b7a4-20429e382f57] with host: MVNNXMB-IX26326.snowflakecomputing.com, account: MVNNXMB-IX26326, accessUrl: https://MVNNXMB-IX26326.snowflakecomputing.com, user: KANAKPALIWAL, role: undefined, database: PTE_EXAM_PREP_PLATFORM, schema: PUBLIC, warehouse: COMPUTE_WH, proxy was not configured, password is provided, region: undefined, authenticator: SNOWFLAKE, ocsp mode: FAIL_OPEN, os: win32, os version: 10.0.19045"}
{"level":"INFO","message":"[3:38:59.288 PM]: Connection[id: b03d7552-17ba-4ec4-b7a4-20429e382f57] additional details: passcode in password is provided, passcode is not provided, private key is not provided, application: undefined, client name: snowflake-sdk, client version: 2.4.1, retry timeout: 300, private key path: undefined, private key pass is not provided, client store temporary credential: false, browser response timeout: 120000"}
{"level":"INFO","message":"[3:38:59.289 PM]: Connection[id: b03d7552-17ba-4ec4-b7a4-20429e382f57] - connection object created successfully."}
{"level":"INFO","message":"[3:38:59.290 PM]: Connection[id: b03d7552-17ba-4ec4-b7a4-20429e382f57] - async connecting. Associated Snowflake domain: GLOBAL"}
{"level":"INFO","message":"[3:38:59.291 PM]: Trying to initialize Easy Logging"}
{"level":"INFO","message":"[3:38:59.327 PM]: No client config detected."}
{"level":"INFO","message":"[3:38:59.328 PM]: No config file path found. Client config will not be used."}
{"level":"INFO","message":"[3:38:59.328 PM]: Easy Logging is disabled as no config has been found"}
{"level":"INFO","message":"[3:38:59.328 PM]: Connection[id: b03d7552-17ba-4ec4-b7a4-20429e382f57] - authentication successful using: SNOWFLAKE"}
{"level":"INFO","message":"[3:39:02.658 PM]: Connection[id: b03d7552-17ba-4ec4-b7a4-20429e382f57] - connection established successfully after 3367.54 milliseconds"}
{"level":"INFO","message":"[4:02:44.669 PM]: Creating new connection object"}
{"level":"INFO","message":"[4:02:44.732 PM]: Creating Connection[id: 2596f327-89bd-45f4-9713-fe43bdacec7d] with host: MVNNXMB-IX26326.snowflakecomputing.com, account: MVNNXMB-IX26326, accessUrl: https://MVNNXMB-IX26326.snowflakecomputing.com, user: KANAKPALIWAL, role: undefined, database: PTE_EXAM_PREP_PLATFORM, schema: PUBLIC, warehouse: COMPUTE_WH, proxy was not configured, password is provided, region: undefined, authenticator: SNOWFLAKE, ocsp mode: FAIL_OPEN, os: win32, os version: 10.0.19045"}
{"level":"INFO","message":"[4:02:44.733 PM]: Connection[id: 2596f327-89bd-45f4-9713-fe43bdacec7d] additional details: passcode in password is provided, passcode is not provided, private key is not provided, application: undefined, client name: snowflake-sdk, client version: 2.4.1, retry timeout: 300, private key path: undefined, private key pass is not provided, client store temporary credential: false, browser response timeout: 120000"}
{"level":"INFO","message":"[4:02:44.735 PM]: Connection[id: 2596f327-89bd-45f4-9713-fe43bdacec7d] - connection object created successfully."}
{"level":"INFO","message":"[4:02:44.736 PM]: Connection[id: 2596f327-89bd-45f4-9713-fe43bdacec7d] - async connecting. Associated Snowflake domain: GLOBAL"}
{"level":"INFO","message":"[4:02:44.738 PM]: Trying to initialize Easy Logging"}
{"level":"INFO","message":"[4:02:44.773 PM]: No client config detected."}
{"level":"INFO","message":"[4:02:44.773 PM]: No config file path found. Client config will not be used."}
{"level":"INFO","message":"[4:02:44.774 PM]: Easy Logging is disabled as no config has been found"}
{"level":"INFO","message":"[4:02:44.774 PM]: Connection[id: 2596f327-89bd-45f4-9713-fe43bdacec7d] - authentication successful using: SNOWFLAKE"}
{"level":"INFO","message":"[4:02:48.783 PM]: Connection[id: 2596f327-89bd-45f4-9713-fe43bdacec7d] - connection established successfully after 4046.59 milliseconds"}
{"level":"INFO","message":"[4:19:57.348 PM]: Creating new connection object"}
{"level":"INFO","message":"[4:19:57.385 PM]: Creating Connection[id: a176da3f-c321-4a73-966d-1c588fe9fb94] with host: MVNNXMB-IX26326.snowflakecomputing.com, account: MVNNXMB-IX26326, accessUrl: https://MVNNXMB-IX26326.snowflakecomputing.com, user: KANAKPALIWAL, role: undefined, database: PTE_EXAM_PREP_PLATFORM, schema: PUBLIC, warehouse: COMPUTE_WH, proxy was not configured, password is provided, region: undefined, authenticator: SNOWFLAKE, ocsp mode: FAIL_OPEN, os: win32, os version: 10.0.19045"}
{"level":"INFO","message":"[4:19:57.386 PM]: Connection[id: a176da3f-c321-4a73-966d-1c588fe9fb94] additional details: passcode in password is provided, passcode is not provided, private key is not provided, application: undefined, client name: snowflake-sdk, client version: 2.4.1, retry timeout: 300, private key path: undefined, private key pass is not provided, client store temporary credential: false, browser response timeout: 120000"}
{"level":"INFO","message":"[4:19:57.387 PM]: Connection[id: a176da3f-c321-4a73-966d-1c588fe9fb94] - connection object created successfully."}
{"level":"INFO","message":"[4:19:57.388 PM]: Connection[id: a176da3f-c321-4a73-966d-1c588fe9fb94] - async connecting. Associated Snowflake domain: GLOBAL"}
{"level":"INFO","message":"[4:19:57.389 PM]: Trying to initialize Easy Logging"}
{"level":"INFO","message":"[4:19:57.434 PM]: No client config detected."}
{"level":"INFO","message":"[4:19:57.434 PM]: No config file path found. Client config will not be used."}
{"level":"INFO","message":"[4:19:57.435 PM]: Easy Logging is disabled as no config has been found"}
{"level":"INFO","message":"[4:19:57.435 PM]: Connection[id: a176da3f-c321-4a73-966d-1c588fe9fb94] - authentication successful using: SNOWFLAKE"}
{"level":"INFO","message":"[4:20:01.038 PM]: Connection[id: a176da3f-c321-4a73-966d-1c588fe9fb94] - connection established successfully after 3650.12 milliseconds"}
{"level":"INFO","message":"[4:25:39.634 PM]: Creating new connection object"}
{"level":"INFO","message":"[4:25:39.656 PM]: Creating Connection[id: 250b3ff3-e4c8-411e-981c-6dd14f6c32b3] with host: MVNNXMB-IX26326.snowflakecomputing.com, account: MVNNXMB-IX26326, accessUrl: https://MVNNXMB-IX26326.snowflakecomputing.com, user: KANAKPALIWAL, role: undefined, database: PTE_EXAM_PREP_PLATFORM, schema: PUBLIC, warehouse: COMPUTE_WH, proxy was not configured, password is provided, region: undefined, authenticator: SNOWFLAKE, ocsp mode: FAIL_OPEN, os: win32, os version: 10.0.19045"}
{"level":"INFO","message":"[4:25:39.657 PM]: Connection[id: 250b3ff3-e4c8-411e-981c-6dd14f6c32b3] additional details: passcode in password is provided, passcode is not provided, private key is not provided, application: undefined, client name: snowflake-sdk, client version: 2.4.1, retry timeout: 300, private key path: undefined, private key pass is not provided, client store temporary credential: false, browser response timeout: 120000"}
{"level":"INFO","message":"[4:25:39.659 PM]: Connection[id: 250b3ff3-e4c8-411e-981c-6dd14f6c32b3] - connection object created successfully."}
{"level":"INFO","message":"[4:25:39.660 PM]: Connection[id: 250b3ff3-e4c8-411e-981c-6dd14f6c32b3] - async connecting. Associated Snowflake domain: GLOBAL"}
{"level":"INFO","message":"[4:25:39.661 PM]: Trying to initialize Easy Logging"}
{"level":"INFO","message":"[4:25:39.690 PM]: No client config detected."}
{"level":"INFO","message":"[4:25:39.691 PM]: No config file path found. Client config will not be used."}
{"level":"INFO","message":"[4:25:39.691 PM]: Easy Logging is disabled as no config has been found"}
{"level":"INFO","message":"[4:25:39.692 PM]: Connection[id: 250b3ff3-e4c8-411e-981c-6dd14f6c32b3] - authentication successful using: SNOWFLAKE"}
{"level":"INFO","message":"[4:25:42.581 PM]: Connection[id: 250b3ff3-e4c8-411e-981c-6dd14f6c32b3] - connection established successfully after 2921.61 milliseconds"}
{"level":"INFO","message":"[4:27:27.824 PM]: Creating new connection object"}
{"level":"INFO","message":"[4:27:27.856 PM]: Creating Connection[id: e513674e-1d29-4ea8-927b-a96332fc5ea5] with host: MVNNXMB-IX26326.snowflakecomputing.com, account: MVNNXMB-IX26326, accessUrl: https://MVNNXMB-IX26326.snowflakecomputing.com, user: KANAKPALIWAL, role: undefined, database: PTE_EXAM_PREP_PLATFORM, schema: PUBLIC, warehouse: COMPUTE_WH, proxy was not configured, password is provided, region: undefined, authenticator: SNOWFLAKE, ocsp mode: FAIL_OPEN, os: win32, os version: 10.0.19045"}
{"level":"INFO","message":"[4:27:27.857 PM]: Connection[id: e513674e-1d29-4ea8-927b-a96332fc5ea5] additional details: passcode in password is provided, passcode is not provided, private key is not provided, application: undefined, client name: snowflake-sdk, client version: 2.4.1, retry timeout: 300, private key path: undefined, private key pass is not provided, client store temporary credential: false, browser response timeout: 120000"}
{"level":"INFO","message":"[4:27:27.859 PM]: Connection[id: e513674e-1d29-4ea8-927b-a96332fc5ea5] - connection object created successfully."}
{"level":"INFO","message":"[4:27:27.860 PM]: Connection[id: e513674e-1d29-4ea8-927b-a96332fc5ea5] - async connecting. Associated Snowflake domain: GLOBAL"}
{"level":"INFO","message":"[4:27:27.861 PM]: Trying to initialize Easy Logging"}
{"level":"INFO","message":"[4:27:27.897 PM]: No client config detected."}
{"level":"INFO","message":"[4:27:27.898 PM]: No config file path found. Client config will not be used."}
{"level":"INFO","message":"[4:27:27.898 PM]: Easy Logging is disabled as no config has been found"}
{"level":"INFO","message":"[4:27:27.899 PM]: Connection[id: e513674e-1d29-4ea8-927b-a96332fc5ea5] - authentication successful using: SNOWFLAKE"}
{"level":"INFO","message":"[4:27:31.009 PM]: Connection[id: e513674e-1d29-4ea8-927b-a96332fc5ea5] - connection established successfully after 3148.69 milliseconds"}
{"level":"INFO","message":"[4:27:56.470 PM]: Creating new connection object"}
{"level":"INFO","message":"[4:27:56.489 PM]: Creating Connection[id: 92c78629-f2e3-4221-8fb7-edaa34db44ab] with host: MVNNXMB-IX26326.snowflakecomputing.com, account: MVNNXMB-IX26326, accessUrl: https://MVNNXMB-IX26326.snowflakecomputing.com, user: KANAKPALIWAL, role: undefined, database: PTE_EXAM_PREP_PLATFORM, schema: PUBLIC, warehouse: COMPUTE_WH, proxy was not configured, password is provided, region: undefined, authenticator: SNOWFLAKE, ocsp mode: FAIL_OPEN, os: win32, os version: 10.0.19045"}
{"level":"INFO","message":"[4:27:56.490 PM]: Connection[id: 92c78629-f2e3-4221-8fb7-edaa34db44ab] additional details: passcode in password is provided, passcode is not provided, private key is not provided, application: undefined, client name: snowflake-sdk, client version: 2.4.1, retry timeout: 300, private key path: undefined, private key pass is not provided, client store temporary credential: false, browser response timeout: 120000"}
{"level":"INFO","message":"[4:27:56.490 PM]: Connection[id: 92c78629-f2e3-4221-8fb7-edaa34db44ab] - connection object created successfully."}
{"level":"INFO","message":"[4:27:56.491 PM]: Connection[id: 92c78629-f2e3-4221-8fb7-edaa34db44ab] - async connecting. Associated Snowflake domain: GLOBAL"}
{"level":"INFO","message":"[4:27:56.492 PM]: Trying to initialize Easy Logging"}
{"level":"INFO","message":"[4:27:56.510 PM]: No client config detected."}
{"level":"INFO","message":"[4:27:56.511 PM]: No config file path found. Client config will not be used."}
{"level":"INFO","message":"[4:27:56.511 PM]: Easy Logging is disabled as no config has been found"}
{"level":"INFO","message":"[4:27:56.512 PM]: Connection[id: 92c78629-f2e3-4221-8fb7-edaa34db44ab] - authentication successful using: SNOWFLAKE"}
{"level":"INFO","message":"[4:27:59.891 PM]: Connection[id: 92c78629-f2e3-4221-8fb7-edaa34db44ab] - connection established successfully after 3400.02 milliseconds"}
{"level":"INFO","message":"[4:28:23.423 PM]: Creating new connection object"}
{"level":"INFO","message":"[4:28:23.465 PM]: Creating Connection[id: 27e46433-0523-40f3-ae6c-3b615df9cfd8] with host: MVNNXMB-IX26326.snowflakecomputing.com, account: MVNNXMB-IX26326, accessUrl: https://MVNNXMB-IX26326.snowflakecomputing.com, user: KANAKPALIWAL, role: undefined, database: PTE_EXAM_PREP_PLATFORM, schema: PUBLIC, warehouse: COMPUTE_WH, proxy was not configured, password is provided, region: undefined, authenticator: SNOWFLAKE, ocsp mode: FAIL_OPEN, os: win32, os version: 10.0.19045"}
{"level":"INFO","message":"[4:28:23.467 PM]: Connection[id: 27e46433-0523-40f3-ae6c-3b615df9cfd8] additional details: passcode in password is provided, passcode is not provided, private key is not provided, application: undefined, client name: snowflake-sdk, client version: 2.4.1, retry timeout: 300, private key path: undefined, private key pass is not provided, client store temporary credential: false, browser response timeout: 120000"}
{"level":"INFO","message":"[4:28:23.469 PM]: Connection[id: 27e46433-0523-40f3-ae6c-3b615df9cfd8] - connection object created successfully."}
{"level":"INFO","message":"[4:28:23.473 PM]: Connection[id: 27e46433-0523-40f3-ae6c-3b615df9cfd8] - async connecting. Associated Snowflake domain: GLOBAL"}
{"level":"INFO","message":"[4:28:23.475 PM]: Trying to initialize Easy Logging"}
{"level":"INFO","message":"[4:28:23.513 PM]: No client config detected."}
{"level":"INFO","message":"[4:28:23.513 PM]: No config file path found. Client config will not be used."}
{"level":"INFO","message":"[4:28:23.514 PM]: Easy Logging is disabled as no config has been found"}
{"level":"INFO","message":"[4:28:23.515 PM]: Connection[id: 27e46433-0523-40f3-ae6c-3b615df9cfd8] - authentication successful using: SNOWFLAKE"}
{"level":"INFO","message":"[4:28:26.776 PM]: Connection[id: 27e46433-0523-40f3-ae6c-3b615df9cfd8] - connection established successfully after 3303.93 milliseconds"}
{"level":"INFO","message":"[4:28:48.027 PM]: Creating new connection object"}
{"level":"INFO","message":"[4:28:48.060 PM]: Creating Connection[id: e4b03e2b-b7e7-42af-8ffb-def9c090100b] with host: MVNNXMB-IX26326.snowflakecomputing.com, account: MVNNXMB-IX26326, accessUrl: https://MVNNXMB-IX26326.snowflakecomputing.com, user: KANAKPALIWAL, role: undefined, database: PTE_EXAM_PREP_PLATFORM, schema: PUBLIC, warehouse: COMPUTE_WH, proxy was not configured, password is provided, region: undefined, authenticator: SNOWFLAKE, ocsp mode: FAIL_OPEN, os: win32, os version: 10.0.19045"}
{"level":"INFO","message":"[4:28:48.061 PM]: Connection[id: e4b03e2b-b7e7-42af-8ffb-def9c090100b] additional details: passcode in password is provided, passcode is not provided, private key is not provided, application: undefined, client name: snowflake-sdk, client version: 2.4.1, retry timeout: 300, private key path: undefined, private key pass is not provided, client store temporary credential: false, browser response timeout: 120000"}
{"level":"INFO","message":"[4:28:48.061 PM]: Connection[id: e4b03e2b-b7e7-42af-8ffb-def9c090100b] - connection object created successfully."}
{"level":"INFO","message":"[4:28:48.062 PM]: Connection[id: e4b03e2b-b7e7-42af-8ffb-def9c090100b] - async connecting. Associated Snowflake domain: GLOBAL"}
{"level":"INFO","message":"[4:28:48.063 PM]: Trying to initialize Easy Logging"}
{"level":"INFO","message":"[4:28:48.078 PM]: No client config detected."}
{"level":"INFO","message":"[4:28:48.078 PM]: No config file path found. Client config will not be used."}
{"level":"INFO","message":"[4:28:48.079 PM]: Easy Logging is disabled as no config has been found"}
{"level":"INFO","message":"[4:28:48.079 PM]: Connection[id: e4b03e2b-b7e7-42af-8ffb-def9c090100b] - authentication successful using: SNOWFLAKE"}
{"level":"INFO","message":"[4:28:52.094 PM]: Connection[id: e4b03e2b-b7e7-42af-8ffb-def9c090100b] - connection established successfully after 4032.26 milliseconds"}
{"level":"INFO","message":"[4:29:12.041 PM]: Creating new connection object"}
{"level":"INFO","message":"[4:29:12.057 PM]: Creating Connection[id: a9c5ba26-0522-4b75-b933-c1634e730216] with host: MVNNXMB-IX26326.snowflakecomputing.com, account: MVNNXMB-IX26326, accessUrl: https://MVNNXMB-IX26326.snowflakecomputing.com, user: KANAKPALIWAL, role: undefined, database: PTE_EXAM_PREP_PLATFORM, schema: PUBLIC, warehouse: COMPUTE_WH, proxy was not configured, password is provided, region: undefined, authenticator: SNOWFLAKE, ocsp mode: FAIL_OPEN, os: win32, os version: 10.0.19045"}
{"level":"INFO","message":"[4:29:12.058 PM]: Connection[id: a9c5ba26-0522-4b75-b933-c1634e730216] additional details: passcode in password is provided, passcode is not provided, private key is not provided, application: undefined, client name: snowflake-sdk, client version: 2.4.1, retry timeout: 300, private key path: undefined, private key pass is not provided, client store temporary credential: false, browser response timeout: 120000"}
{"level":"INFO","message":"[4:29:12.058 PM]: Connection[id: a9c5ba26-0522-4b75-b933-c1634e730216] - connection object created successfully."}
{"level":"INFO","message":"[4:29:12.059 PM]: Connection[id: a9c5ba26-0522-4b75-b933-c1634e730216] - async connecting. Associated Snowflake domain: GLOBAL"}
{"level":"INFO","message":"[4:29:12.059 PM]: Trying to initialize Easy Logging"}
{"level":"INFO","message":"[4:29:12.074 PM]: No client config detected."}
{"level":"INFO","message":"[4:29:12.074 PM]: No config file path found. Client config will not be used."}
{"level":"INFO","message":"[4:29:12.074 PM]: Easy Logging is disabled as no config has been found"}
{"level":"INFO","message":"[4:29:12.075 PM]: Connection[id: a9c5ba26-0522-4b75-b933-c1634e730216] - authentication successful using: SNOWFLAKE"}
{"level":"INFO","message":"[4:29:15.954 PM]: Connection[id: a9c5ba26-0522-4b75-b933-c1634e730216] - connection established successfully after 3895.54 milliseconds"}
{"level":"INFO","message":"[4:30:16.017 PM]: Creating new connection object"}
{"level":"INFO","message":"[4:30:16.041 PM]: Creating Connection[id: 346ae56b-a9a0-420d-a261-9897dad764e7] with host: MVNNXMB-IX26326.snowflakecomputing.com, account: MVNNXMB-IX26326, accessUrl: https://MVNNXMB-IX26326.snowflakecomputing.com, user: KANAKPALIWAL, role: undefined, database: PTE_EXAM_PREP_PLATFORM, schema: PUBLIC, warehouse: COMPUTE_WH, proxy was not configured, password is provided, region: undefined, authenticator: SNOWFLAKE, ocsp mode: FAIL_OPEN, os: win32, os version: 10.0.19045"}
{"level":"INFO","message":"[4:30:16.041 PM]: Connection[id: 346ae56b-a9a0-420d-a261-9897dad764e7] additional details: passcode in password is provided, passcode is not provided, private key is not provided, application: undefined, client name: snowflake-sdk, client version: 2.4.1, retry timeout: 300, private key path: undefined, private key pass is not provided, client store temporary credential: false, browser response timeout: 120000"}
{"level":"INFO","message":"[4:30:16.042 PM]: Connection[id: 346ae56b-a9a0-420d-a261-9897dad764e7] - connection object created successfully."}
{"level":"INFO","message":"[4:30:16.042 PM]: Connection[id: 346ae56b-a9a0-420d-a261-9897dad764e7] - async connecting. Associated Snowflake domain: GLOBAL"}
{"level":"INFO","message":"[4:30:16.043 PM]: Trying to initialize Easy Logging"}
{"level":"INFO","message":"[4:30:16.057 PM]: No client config detected."}
{"level":"INFO","message":"[4:30:16.058 PM]: No config file path found. Client config will not be used."}
{"level":"INFO","message":"[4:30:16.058 PM]: Easy Logging is disabled as no config has been found"}
{"level":"INFO","message":"[4:30:16.058 PM]: Connection[id: 346ae56b-a9a0-420d-a261-9897dad764e7] - authentication successful using: SNOWFLAKE"}
{"level":"INFO","message":"[4:30:18.859 PM]: Connection[id: 346ae56b-a9a0-420d-a261-9897dad764e7] - connection established successfully after 2816.86 milliseconds"}
{"level":"INFO","message":"[4:30:39.356 PM]: Creating new connection object"}
{"level":"INFO","message":"[4:30:39.378 PM]: Creating Connection[id: 02076141-c44b-49dc-98c0-30f3849a867a] with host: MVNNXMB-IX26326.snowflakecomputing.com, account: MVNNXMB-IX26326, accessUrl: https://MVNNXMB-IX26326.snowflakecomputing.com, user: KANAKPALIWAL, role: undefined, database: PTE_EXAM_PREP_PLATFORM, schema: PUBLIC, warehouse: COMPUTE_WH, proxy was not configured, password is provided, region: undefined, authenticator: SNOWFLAKE, ocsp mode: FAIL_OPEN, os: win32, os version: 10.0.19045"}
{"level":"INFO","message":"[4:30:39.379 PM]: Connection[id: 02076141-c44b-49dc-98c0-30f3849a867a] additional details: passcode in password is provided, passcode is not provided, private key is not provided, application: undefined, client name: snowflake-sdk, client version: 2.4.1, retry timeout: 300, private key path: undefined, private key pass is not provided, client store temporary credential: false, browser response timeout: 120000"}
{"level":"INFO","message":"[4:30:39.379 PM]: Connection[id: 02076141-c44b-49dc-98c0-30f3849a867a] - connection object created successfully."}
{"level":"INFO","message":"[4:30:39.380 PM]: Connection[id: 02076141-c44b-49dc-98c0-30f3849a867a] - async connecting. Associated Snowflake domain: GLOBAL"}
{"level":"INFO","message":"[4:30:39.381 PM]: Trying to initialize Easy Logging"}
{"level":"INFO","message":"[4:30:39.400 PM]: No client config detected."}
{"level":"INFO","message":"[4:30:39.400 PM]: No config file path found. Client config will not be used."}
{"level":"INFO","message":"[4:30:39.401 PM]: Easy Logging is disabled as no config has been found"}
{"level":"INFO","message":"[4:30:39.401 PM]: Connection[id: 02076141-c44b-49dc-98c0-30f3849a867a] - authentication successful using: SNOWFLAKE"}
{"level":"INFO","message":"[4:30:43.177 PM]: Connection[id: 02076141-c44b-49dc-98c0-30f3849a867a] - connection established successfully after 3797.23 milliseconds"}
{"level":"INFO","message":"[4:31:18.939 PM]: Creating new connection object"}
{"level":"INFO","message":"[4:31:18.956 PM]: Creating Connection[id: e0d02f97-5ab7-4877-9377-46701dfdf695] with host: MVNNXMB-IX26326.snowflakecomputing.com, account: MVNNXMB-IX26326, accessUrl: https://MVNNXMB-IX26326.snowflakecomputing.com, user: KANAKPALIWAL, role: undefined, database: PTE_EXAM_PREP_PLATFORM, schema: PUBLIC, warehouse: COMPUTE_WH, proxy was not configured, password is provided, region: undefined, authenticator: SNOWFLAKE, ocsp mode: FAIL_OPEN, os: win32, os version: 10.0.19045"}
{"level":"INFO","message":"[4:31:18.956 PM]: Connection[id: e0d02f97-5ab7-4877-9377-46701dfdf695] additional details: passcode in password is provided, passcode is not provided, private key is not provided, application: undefined, client name: snowflake-sdk, client version: 2.4.1, retry timeout: 300, private key path: undefined, private key pass is not provided, client store temporary credential: false, browser response timeout: 120000"}
{"level":"INFO","message":"[4:31:18.956 PM]: Connection[id: e0d02f97-5ab7-4877-9377-46701dfdf695] - connection object created successfully."}
{"level":"INFO","message":"[4:31:18.957 PM]: Connection[id: e0d02f97-5ab7-4877-9377-46701dfdf695] - async connecting. Associated Snowflake domain: GLOBAL"}
{"level":"INFO","message":"[4:31:18.957 PM]: Trying to initialize Easy Logging"}
{"level":"INFO","message":"[4:31:18.978 PM]: No client config detected."}
{"level":"INFO","message":"[4:31:18.978 PM]: No config file path found. Client config will not be used."}
{"level":"INFO","message":"[4:31:18.978 PM]: Easy Logging is disabled as no config has been found"}
{"level":"INFO","message":"[4:31:18.979 PM]: Connection[id: e0d02f97-5ab7-4877-9377-46701dfdf695] - authentication successful using: SNOWFLAKE"}
{"level":"INFO","message":"[4:31:21.590 PM]: Connection[id: e0d02f97-5ab7-4877-9377-46701dfdf695] - connection established successfully after 2632.79 milliseconds"}
{"level":"INFO","message":"[4:39:14.652 PM]: Creating new connection object"}
{"level":"INFO","message":"[4:39:14.676 PM]: Creating Connection[id: cf57d11d-ec90-4021-8210-0a3e9a52706d] with host: MVNNXMB-IX26326.snowflakecomputing.com, account: MVNNXMB-IX26326, accessUrl: https://MVNNXMB-IX26326.snowflakecomputing.com, user: KANAKPALIWAL, role: undefined, database: PTE_EXAM_PREP_PLATFORM, schema: PUBLIC, warehouse: COMPUTE_WH, proxy was not configured, password is provided, region: undefined, authenticator: SNOWFLAKE, ocsp mode: FAIL_OPEN, os: win32, os version: 10.0.19045"}
{"level":"INFO","message":"[4:39:14.677 PM]: Connection[id: cf57d11d-ec90-4021-8210-0a3e9a52706d] additional details: passcode in password is provided, passcode is not provided, private key is not provided, application: undefined, client name: snowflake-sdk, client version: 2.4.1, retry timeout: 300, private key path: undefined, private key pass is not provided, client store temporary credential: false, browser response timeout: 120000"}
{"level":"INFO","message":"[4:39:14.678 PM]: Connection[id: cf57d11d-ec90-4021-8210-0a3e9a52706d] - connection object created successfully."}
{"level":"INFO","message":"[4:39:14.679 PM]: Connection[id: cf57d11d-ec90-4021-8210-0a3e9a52706d] - async connecting. Associated Snowflake domain: GLOBAL"}
{"level":"INFO","message":"[4:39:14.680 PM]: Trying to initialize Easy Logging"}
{"level":"INFO","message":"[4:39:14.701 PM]: No client config detected."}
{"level":"INFO","message":"[4:39:14.701 PM]: No config file path found. Client config will not be used."}
{"level":"INFO","message":"[4:39:14.701 PM]: Easy Logging is disabled as no config has been found"}
{"level":"INFO","message":"[4:39:14.702 PM]: Connection[id: cf57d11d-ec90-4021-8210-0a3e9a52706d] - authentication successful using: SNOWFLAKE"}
{"level":"INFO","message":"[4:39:18.164 PM]: Connection[id: cf57d11d-ec90-4021-8210-0a3e9a52706d] - connection established successfully after 3485.28 milliseconds"}
{"level":"INFO","message":"[4:43:09.860 PM]: Creating new connection object"}
{"level":"INFO","message":"[4:43:09.905 PM]: Creating Connection[id: ea1d87a9-b0f7-4e6d-b16b-815183076e83] with host: MVNNXMB-IX26326.snowflakecomputing.com, account: MVNNXMB-IX26326, accessUrl: https://MVNNXMB-IX26326.snowflakecomputing.com, user: KANAKPALIWAL, role: undefined, database: PTE_EXAM_PREP_PLATFORM, schema: PUBLIC, warehouse: COMPUTE_WH, proxy was not configured, password is provided, region: undefined, authenticator: SNOWFLAKE, ocsp mode: FAIL_OPEN, os: win32, os version: 10.0.19045"}
{"level":"INFO","message":"[4:43:09.907 PM]: Connection[id: ea1d87a9-b0f7-4e6d-b16b-815183076e83] additional details: passcode in password is provided, passcode is not provided, private key is not provided, application: undefined, client name: snowflake-sdk, client version: 2.4.1, retry timeout: 300, private key path: undefined, private key pass is not provided, client store temporary credential: false, browser response timeout: 120000"}
{"level":"INFO","message":"[4:43:09.908 PM]: Connection[id: ea1d87a9-b0f7-4e6d-b16b-815183076e83] - connection object created successfully."}
{"level":"INFO","message":"[4:43:09.910 PM]: Connection[id: ea1d87a9-b0f7-4e6d-b16b-815183076e83] - async connecting. Associated Snowflake domain: GLOBAL"}
{"level":"INFO","message":"[4:43:09.911 PM]: Trying to initialize Easy Logging"}
{"level":"INFO","message":"[4:43:09.949 PM]: No client config detected."}
{"level":"INFO","message":"[4:43:09.950 PM]: No config file path found. Client config will not be used."}
{"level":"INFO","message":"[4:43:09.950 PM]: Easy Logging is disabled as no config has been found"}
{"level":"INFO","message":"[4:43:09.952 PM]: Connection[id: ea1d87a9-b0f7-4e6d-b16b-815183076e83] - authentication successful using: SNOWFLAKE"}
{"level":"INFO","message":"[4:43:13.080 PM]: Connection[id: ea1d87a9-b0f7-4e6d-b16b-815183076e83] - connection established successfully after 3170.02 milliseconds"}
{"level":"INFO","message":"[4:55:57.499 PM]: Creating new connection object"}
{"level":"INFO","message":"[4:55:57.533 PM]: Creating Connection[id: 0a69097c-3baa-41be-86a2-86565f538277] with host: MVNNXMB-IX26326.snowflakecomputing.com, account: MVNNXMB-IX26326, accessUrl: https://MVNNXMB-IX26326.snowflakecomputing.com, user: KANAKPALIWAL, role: undefined, database: PTE_EXAM_PREP_PLATFORM, schema: PUBLIC, warehouse: COMPUTE_WH, proxy was not configured, password is provided, region: undefined, authenticator: SNOWFLAKE, ocsp mode: FAIL_OPEN, os: win32, os version: 10.0.19045"}
{"level":"INFO","message":"[4:55:57.535 PM]: Connection[id: 0a69097c-3baa-41be-86a2-86565f538277] additional details: passcode in password is provided, passcode is not provided, private key is not provided, application: undefined, client name: snowflake-sdk, client version: 2.4.1, retry timeout: 300, private key path: undefined, private key pass is not provided, client store temporary credential: false, browser response timeout: 120000"}
{"level":"INFO","message":"[4:55:57.536 PM]: Connection[id: 0a69097c-3baa-41be-86a2-86565f538277] - connection object created successfully."}
{"level":"INFO","message":"[4:55:57.538 PM]: Connection[id: 0a69097c-3baa-41be-86a2-86565f538277] - async connecting. Associated Snowflake domain: GLOBAL"}
{"level":"INFO","message":"[4:55:57.539 PM]: Trying to initialize Easy Logging"}
{"level":"INFO","message":"[4:55:57.578 PM]: No client config detected."}
{"level":"INFO","message":"[4:55:57.579 PM]: No config file path found. Client config will not be used."}
{"level":"INFO","message":"[4:55:57.579 PM]: Easy Logging is disabled as no config has been found"}
{"level":"INFO","message":"[4:55:57.580 PM]: Connection[id: 0a69097c-3baa-41be-86a2-86565f538277] - authentication successful using: SNOWFLAKE"}
{"level":"INFO","message":"[4:56:01.305 PM]: Connection[id: 0a69097c-3baa-41be-86a2-86565f538277] - connection established successfully after 3767.02 milliseconds"}
{"level":"INFO","message":"[4:59:56.755 PM]: Creating new connection object"}
{"level":"INFO","message":"[4:59:56.800 PM]: Creating Connection[id: 1ff55b86-0743-456f-ac73-34bd22196764] with host: MVNNXMB-IX26326.snowflakecomputing.com, account: MVNNXMB-IX26326, accessUrl: https://MVNNXMB-IX26326.snowflakecomputing.com, user: KANAKPALIWAL, role: undefined, database: PTE_EXAM_PREP_PLATFORM, schema: PUBLIC, warehouse: COMPUTE_WH, proxy was not configured, password is provided, region: undefined, authenticator: SNOWFLAKE, ocsp mode: FAIL_OPEN, os: win32, os version: 10.0.19045"}
{"level":"INFO","message":"[4:59:56.802 PM]: Connection[id: 1ff55b86-0743-456f-ac73-34bd22196764] additional details: passcode in password is provided, passcode is not provided, private key is not provided, application: undefined, client name: snowflake-sdk, client version: 2.4.1, retry timeout: 300, private key path: undefined, private key pass is not provided, client store temporary credential: false, browser response timeout: 120000"}
{"level":"INFO","message":"[4:59:56.805 PM]: Connection[id: 1ff55b86-0743-456f-ac73-34bd22196764] - connection object created successfully."}
{"level":"INFO","message":"[4:59:56.809 PM]: Connection[id: 1ff55b86-0743-456f-ac73-34bd22196764] - async connecting. Associated Snowflake domain: GLOBAL"}
{"level":"INFO","message":"[4:59:56.811 PM]: Trying to initialize Easy Logging"}
{"level":"INFO","message":"[4:59:56.882 PM]: No client config detected."}
{"level":"INFO","message":"[4:59:56.883 PM]: No config file path found. Client config will not be used."}
{"level":"INFO","message":"[4:59:56.884 PM]: Easy Logging is disabled as no config has been found"}
{"level":"INFO","message":"[4:59:56.885 PM]: Connection[id: 1ff55b86-0743-456f-ac73-34bd22196764] - authentication successful using: SNOWFLAKE"}
{"level":"INFO","message":"[5:00:00.658 PM]: Connection[id: 1ff55b86-0743-456f-ac73-34bd22196764] - connection established successfully after 3849.31 milliseconds"}
{"level":"INFO","message":"[5:07:34.397 PM]: Creating new connection object"}
{"level":"INFO","message":"[5:07:34.445 PM]: Creating Connection[id: 18811cd2-8c99-4717-9fde-d540ab9ca40d] with host: MVNNXMB-IX26326.snowflakecomputing.com, account: MVNNXMB-IX26326, accessUrl: https://MVNNXMB-IX26326.snowflakecomputing.com, user: KANAKPALIWAL, role: undefined, database: PTE_EXAM_PREP_PLATFORM, schema: PUBLIC, warehouse: COMPUTE_WH, proxy was not configured, password is provided, region: undefined, authenticator: SNOWFLAKE, ocsp mode: FAIL_OPEN, os: win32, os version: 10.0.19045"}
{"level":"INFO","message":"[5:07:34.448 PM]: Connection[id: 18811cd2-8c99-4717-9fde-d540ab9ca40d] additional details: passcode in password is provided, passcode is not provided, private key is not provided, application: undefined, client name: snowflake-sdk, client version: 2.4.1, retry timeout: 300, private key path: undefined, private key pass is not provided, client store temporary credential: false, browser response timeout: 120000"}
{"level":"INFO","message":"[5:07:34.450 PM]: Connection[id: 18811cd2-8c99-4717-9fde-d540ab9ca40d] - connection object created successfully."}
{"level":"INFO","message":"[5:07:34.451 PM]: Connection[id: 18811cd2-8c99-4717-9fde-d540ab9ca40d] - async connecting. Associated Snowflake domain: GLOBAL"}
{"level":"INFO","message":"[5:07:34.453 PM]: Trying to initialize Easy Logging"}
{"level":"INFO","message":"[5:07:34.485 PM]: No client config detected."}
{"level":"INFO","message":"[5:07:34.485 PM]: No config file path found. Client config will not be used."}
{"level":"INFO","message":"[5:07:34.485 PM]: Easy Logging is disabled as no config has been found"}
{"level":"INFO","message":"[5:07:34.486 PM]: Connection[id: 18811cd2-8c99-4717-9fde-d540ab9ca40d] - authentication successful using: SNOWFLAKE"}
{"level":"INFO","message":"[5:07:38.282 PM]: Connection[id: 18811cd2-8c99-4717-9fde-d540ab9ca40d] - connection established successfully after 3830.17 milliseconds"}
{"level":"INFO","message":"[5:41:14.710 PM]: Creating new connection object"}
{"level":"INFO","message":"[5:41:14.765 PM]: Creating Connection[id: ea721a3d-49c2-4803-afd7-8c2c7877108b] with host: MVNNXMB-IX26326.snowflakecomputing.com, account: MVNNXMB-IX26326, accessUrl: https://MVNNXMB-IX26326.snowflakecomputing.com, user: KANAKPALIWAL, role: undefined, database: PTE_EXAM_PREP_PLATFORM, schema: PUBLIC, warehouse: COMPUTE_WH, proxy was not configured, password is provided, region: undefined, authenticator: SNOWFLAKE, ocsp mode: FAIL_OPEN, os: win32, os version: 10.0.19045"}
{"level":"INFO","message":"[5:41:14.767 PM]: Connection[id: ea721a3d-49c2-4803-afd7-8c2c7877108b] additional details: passcode in password is provided, passcode is not provided, private key is not provided, application: undefined, client name: snowflake-sdk, client version: 2.4.1, retry timeout: 300, private key path: undefined, private key pass is not provided, client store temporary credential: false, browser response timeout: 120000"}
{"level":"INFO","message":"[5:41:14.770 PM]: Connection[id: ea721a3d-49c2-4803-afd7-8c2c7877108b] - connection object created successfully."}
{"level":"INFO","message":"[5:41:14.773 PM]: Connection[id: ea721a3d-49c2-4803-afd7-8c2c7877108b] - async connecting. Associated Snowflake domain: GLOBAL"}
{"level":"INFO","message":"[5:41:14.774 PM]: Trying to initialize Easy Logging"}
{"level":"INFO","message":"[5:41:14.830 PM]: No client config detected."}
{"level":"INFO","message":"[5:41:14.831 PM]: No config file path found. Client config will not be used."}
{"level":"INFO","message":"[5:41:14.832 PM]: Easy Logging is disabled as no config has been found"}
{"level":"INFO","message":"[5:41:14.833 PM]: Connection[id: ea721a3d-49c2-4803-afd7-8c2c7877108b] - authentication successful using: SNOWFLAKE"}
{"level":"INFO","message":"[5:41:23.847 PM]: Connection[id: ea721a3d-49c2-4803-afd7-8c2c7877108b] - connection established successfully after 9074.55 milliseconds"}
{"level":"INFO","message":"[5:42:52.470 PM]: Creating new connection object"}
{"level":"INFO","message":"[5:42:52.516 PM]: Creating Connection[id: a7e0a5e4-de73-4d5a-8c6f-2b5b1527a20c] with host: MVNNXMB-IX26326.snowflakecomputing.com, account: MVNNXMB-IX26326, accessUrl: https://MVNNXMB-IX26326.snowflakecomputing.com, user: KANAKPALIWAL, role: undefined, database: PTE_EXAM_PREP_PLATFORM, schema: PUBLIC, warehouse: COMPUTE_WH, proxy was not configured, password is provided, region: undefined, authenticator: SNOWFLAKE, ocsp mode: FAIL_OPEN, os: win32, os version: 10.0.19045"}
{"level":"INFO","message":"[5:42:52.517 PM]: Connection[id: a7e0a5e4-de73-4d5a-8c6f-2b5b1527a20c] additional details: passcode in password is provided, passcode is not provided, private key is not provided, application: undefined, client name: snowflake-sdk, client version: 2.4.1, retry timeout: 300, private key path: undefined, private key pass is not provided, client store temporary credential: false, browser response timeout: 120000"}
{"level":"INFO","message":"[5:42:52.518 PM]: Connection[id: a7e0a5e4-de73-4d5a-8c6f-2b5b1527a20c] - connection object created successfully."}
{"level":"INFO","message":"[5:42:52.520 PM]: Connection[id: a7e0a5e4-de73-4d5a-8c6f-2b5b1527a20c] - async connecting. Associated Snowflake domain: GLOBAL"}
{"level":"INFO","message":"[5:42:52.521 PM]: Trying to initialize Easy Logging"}
{"level":"INFO","message":"[5:42:52.565 PM]: No client config detected."}
{"level":"INFO","message":"[5:42:52.566 PM]: No config file path found. Client config will not be used."}
{"level":"INFO","message":"[5:42:52.566 PM]: Easy Logging is disabled as no config has been found"}
{"level":"INFO","message":"[5:42:52.567 PM]: Connection[id: a7e0a5e4-de73-4d5a-8c6f-2b5b1527a20c] - authentication successful using: SNOWFLAKE"}
{"level":"INFO","message":"[5:43:02.580 PM]: Connection[id: a7e0a5e4-de73-4d5a-8c6f-2b5b1527a20c] - connection established successfully after 10060.13 milliseconds"}
{"level":"INFO","message":"[5:45:41.685 PM]: Creating new connection object"}
{"level":"INFO","message":"[5:45:41.722 PM]: Creating Connection[id: 36794067-dd06-4a5d-a70f-063708a1cf05] with host: MVNNXMB-IX26326.snowflakecomputing.com, account: MVNNXMB-IX26326, accessUrl: https://MVNNXMB-IX26326.snowflakecomputing.com, user: KANAKPALIWAL, role: undefined, database: PTE_EXAM_PREP_PLATFORM, schema: PUBLIC, warehouse: COMPUTE_WH, proxy was not configured, password is provided, region: undefined, authenticator: SNOWFLAKE, ocsp mode: FAIL_OPEN, os: win32, os version: 10.0.19045"}
{"level":"INFO","message":"[5:45:41.723 PM]: Connection[id: 36794067-dd06-4a5d-a70f-063708a1cf05] additional details: passcode in password is provided, passcode is not provided, private key is not provided, application: undefined, client name: snowflake-sdk, client version: 2.4.1, retry timeout: 300, private key path: undefined, private key pass is not provided, client store temporary credential: false, browser response timeout: 120000"}
{"level":"INFO","message":"[5:45:41.724 PM]: Connection[id: 36794067-dd06-4a5d-a70f-063708a1cf05] - connection object created successfully."}
{"level":"INFO","message":"[5:45:41.725 PM]: Connection[id: 36794067-dd06-4a5d-a70f-063708a1cf05] - async connecting. Associated Snowflake domain: GLOBAL"}
{"level":"INFO","message":"[5:45:41.727 PM]: Trying to initialize Easy Logging"}
{"level":"INFO","message":"[5:45:41.755 PM]: No client config detected."}
{"level":"INFO","message":"[5:45:41.756 PM]: No config file path found. Client config will not be used."}
{"level":"INFO","message":"[5:45:41.756 PM]: Easy Logging is disabled as no config has been found"}
{"level":"INFO","message":"[5:45:41.757 PM]: Connection[id: 36794067-dd06-4a5d-a70f-063708a1cf05] - authentication successful using: SNOWFLAKE"}
{"level":"INFO","message":"[5:45:45.722 PM]: Connection[id: 36794067-dd06-4a5d-a70f-063708a1cf05] - connection established successfully after 3996.35 milliseconds"}
{"level":"INFO","message":"[5:46:40.661 PM]: Creating new connection object"}
{"level":"INFO","message":"[5:46:40.680 PM]: Creating Connection[id: 7dc3d88a-fb8a-4071-93d5-2d84e0b95622] with host: MVNNXMB-IX26326.snowflakecomputing.com, account: MVNNXMB-IX26326, accessUrl: https://MVNNXMB-IX26326.snowflakecomputing.com, user: KANAKPALIWAL, role: undefined, database: PTE_EXAM_PREP_PLATFORM, schema: PUBLIC, warehouse: COMPUTE_WH, proxy was not configured, password is provided, region: undefined, authenticator: SNOWFLAKE, ocsp mode: FAIL_OPEN, os: win32, os version: 10.0.19045"}
{"level":"INFO","message":"[5:46:40.681 PM]: Connection[id: 7dc3d88a-fb8a-4071-93d5-2d84e0b95622] additional details: passcode in password is provided, passcode is not provided, private key is not provided, application: undefined, client name: snowflake-sdk, client version: 2.4.1, retry timeout: 300, private key path: undefined, private key pass is not provided, client store temporary credential: false, browser response timeout: 120000"}
{"level":"INFO","message":"[5:46:40.681 PM]: Connection[id: 7dc3d88a-fb8a-4071-93d5-2d84e0b95622] - connection object created successfully."}
{"level":"INFO","message":"[5:46:40.682 PM]: Connection[id: 7dc3d88a-fb8a-4071-93d5-2d84e0b95622] - async connecting. Associated Snowflake domain: GLOBAL"}
{"level":"INFO","message":"[5:46:40.685 PM]: Trying to initialize Easy Logging"}
{"level":"INFO","message":"[5:46:40.704 PM]: No client config detected."}
{"level":"INFO","message":"[5:46:40.704 PM]: No config file path found. Client config will not be used."}
{"level":"INFO","message":"[5:46:40.704 PM]: Easy Logging is disabled as no config has been found"}
{"level":"INFO","message":"[5:46:40.705 PM]: Connection[id: 7dc3d88a-fb8a-4071-93d5-2d84e0b95622] - authentication successful using: SNOWFLAKE"}
{"level":"INFO","message":"[5:46:45.092 PM]: Connection[id: 7dc3d88a-fb8a-4071-93d5-2d84e0b95622] - connection established successfully after 4410.07 milliseconds"}
{"level":"INFO","message":"[5:48:53.262 PM]: Creating new connection object"}
{"level":"INFO","message":"[5:48:53.284 PM]: Creating Connection[id: 68c89d95-5c77-4c12-8cb7-c988675e518f] with host: MVNNXMB-IX26326.snowflakecomputing.com, account: MVNNXMB-IX26326, accessUrl: https://MVNNXMB-IX26326.snowflakecomputing.com, user: KANAKPALIWAL, role: undefined, database: PTE_EXAM_PREP_PLATFORM, schema: PUBLIC, warehouse: COMPUTE_WH, proxy was not configured, password is provided, region: undefined, authenticator: SNOWFLAKE, ocsp mode: FAIL_OPEN, os: win32, os version: 10.0.19045"}
{"level":"INFO","message":"[5:48:53.285 PM]: Connection[id: 68c89d95-5c77-4c12-8cb7-c988675e518f] additional details: passcode in password is provided, passcode is not provided, private key is not provided, application: undefined, client name: snowflake-sdk, client version: 2.4.1, retry timeout: 300, private key path: undefined, private key pass is not provided, client store temporary credential: false, browser response timeout: 120000"}
{"level":"INFO","message":"[5:48:53.285 PM]: Connection[id: 68c89d95-5c77-4c12-8cb7-c988675e518f] - connection object created successfully."}
{"level":"INFO","message":"[5:48:53.286 PM]: Connection[id: 68c89d95-5c77-4c12-8cb7-c988675e518f] - async connecting. Associated Snowflake domain: GLOBAL"}
{"level":"INFO","message":"[5:48:53.286 PM]: Trying to initialize Easy Logging"}
{"level":"INFO","message":"[5:48:53.359 PM]: No client config detected."}
{"level":"INFO","message":"[5:48:53.359 PM]: No config file path found. Client config will not be used."}
{"level":"INFO","message":"[5:48:53.359 PM]: Easy Logging is disabled as no config has been found"}
{"level":"INFO","message":"[5:48:53.360 PM]: Connection[id: 68c89d95-5c77-4c12-8cb7-c988675e518f] - authentication successful using: SNOWFLAKE"}
{"level":"INFO","message":"[5:48:57.755 PM]: Connection[id: 68c89d95-5c77-4c12-8cb7-c988675e518f] - connection established successfully after 4469.14 milliseconds"}
{"level":"INFO","message":"[12:34:43.714 PM]: Creating new connection object"}
{"level":"INFO","message":"[12:34:43.738 PM]: Creating Connection[id: 84f72a11-b484-47e9-8a23-757b676a6bda] with host: MVNNXMB-IX26326.snowflakecomputing.com, account: MVNNXMB-IX26326, accessUrl: https://MVNNXMB-IX26326.snowflakecomputing.com, user: KANAKPALIWAL, role: undefined, database: PTE_EXAM_PREP_PLATFORM, schema: PUBLIC, warehouse: COMPUTE_WH, proxy was not configured, password is provided, region: undefined, authenticator: SNOWFLAKE, ocsp mode: FAIL_OPEN, os: win32, os version: 10.0.19045"}
{"level":"INFO","message":"[12:34:43.739 PM]: Connection[id: 84f72a11-b484-47e9-8a23-757b676a6bda] additional details: passcode in password is provided, passcode is not provided, private key is not provided, application: undefined, client name: snowflake-sdk, client version: 2.4.1, retry timeout: 300, private key path: undefined, private key pass is not provided, client store temporary credential: false, browser response timeout: 120000"}
{"level":"INFO","message":"[12:34:43.739 PM]: Connection[id: 84f72a11-b484-47e9-8a23-757b676a6bda] - connection object created successfully."}
{"level":"INFO","message":"[12:34:43.740 PM]: Connection[id: 84f72a11-b484-47e9-8a23-757b676a6bda] - async connecting. Associated Snowflake domain: GLOBAL"}
{"level":"INFO","message":"[12:34:43.741 PM]: Trying to initialize Easy Logging"}
{"level":"INFO","message":"[12:34:43.784 PM]: No client config detected."}
{"level":"INFO","message":"[12:34:43.784 PM]: No config file path found. Client config will not be used."}
{"level":"INFO","message":"[12:34:43.785 PM]: Easy Logging is disabled as no config has been found"}
{"level":"INFO","message":"[12:34:43.785 PM]: Connection[id: 84f72a11-b484-47e9-8a23-757b676a6bda] - authentication successful using: SNOWFLAKE"}
{"level":"INFO","message":"[12:34:46.848 PM]: Connection[id: 84f72a11-b484-47e9-8a23-757b676a6bda] - connection established successfully after 3107.6 milliseconds"}
{"level":"INFO","message":"[12:35:22.791 PM]: Creating new connection object"}
{"level":"INFO","message":"[12:35:22.829 PM]: Creating Connection[id: 8e19fec4-6c53-41f6-9440-e13dab6a2bdc] with host: MVNNXMB-IX26326.snowflakecomputing.com, account: MVNNXMB-IX26326, accessUrl: https://MVNNXMB-IX26326.snowflakecomputing.com, user: KANAKPALIWAL, role: undefined, database: PTE_EXAM_PREP_PLATFORM, schema: PUBLIC, warehouse: COMPUTE_WH, proxy was not configured, password is provided, region: undefined, authenticator: SNOWFLAKE, ocsp mode: FAIL_OPEN, os: win32, os version: 10.0.19045"}
{"level":"INFO","message":"[12:35:22.831 PM]: Connection[id: 8e19fec4-6c53-41f6-9440-e13dab6a2bdc] additional details: passcode in password is provided, passcode is not provided, private key is not provided, application: undefined, client name: snowflake-sdk, client version: 2.4.1, retry timeout: 300, private key path: undefined, private key pass is not provided, client store temporary credential: false, browser response timeout: 120000"}
{"level":"INFO","message":"[12:35:22.833 PM]: Connection[id: 8e19fec4-6c53-41f6-9440-e13dab6a2bdc] - connection object created successfully."}
{"level":"INFO","message":"[12:35:22.837 PM]: Connection[id: 8e19fec4-6c53-41f6-9440-e13dab6a2bdc] - async connecting. Associated Snowflake domain: GLOBAL"}
{"level":"INFO","message":"[12:35:22.840 PM]: Trying to initialize Easy Logging"}
{"level":"INFO","message":"[12:35:22.907 PM]: No client config detected."}
{"level":"INFO","message":"[12:35:22.910 PM]: No config file path found. Client config will not be used."}
{"level":"INFO","message":"[12:35:22.911 PM]: Easy Logging is disabled as no config has been found"}
{"level":"INFO","message":"[12:35:22.913 PM]: Connection[id: 8e19fec4-6c53-41f6-9440-e13dab6a2bdc] - authentication successful using: SNOWFLAKE"}
{"level":"INFO","message":"[12:35:26.046 PM]: Connection[id: 8e19fec4-6c53-41f6-9440-e13dab6a2bdc] - connection established successfully after 3209.07 milliseconds"}
{"level":"INFO","message":"[12:36:22.484 PM]: Creating new connection object"}
{"level":"INFO","message":"[12:36:22.498 PM]: Creating Connection[id: 5156e779-b146-4d82-bfab-50ee854c5880] with host: MVNNXMB-IX26326.snowflakecomputing.com, account: MVNNXMB-IX26326, accessUrl: https://MVNNXMB-IX26326.snowflakecomputing.com, user: KANAKPALIWAL, role: undefined, database: PTE_EXAM_PREP_PLATFORM, schema: PUBLIC, warehouse: COMPUTE_WH, proxy was not configured, password is provided, region: undefined, authenticator: SNOWFLAKE, ocsp mode: FAIL_OPEN, os: win32, os version: 10.0.19045"}
{"level":"INFO","message":"[12:36:22.499 PM]: Connection[id: 5156e779-b146-4d82-bfab-50ee854c5880] additional details: passcode in password is provided, passcode is not provided, private key is not provided, application: undefined, client name: snowflake-sdk, client version: 2.4.1, retry timeout: 300, private key path: undefined, private key pass is not provided, client store temporary credential: false, browser response timeout: 120000"}
{"level":"INFO","message":"[12:36:22.499 PM]: Connection[id: 5156e779-b146-4d82-bfab-50ee854c5880] - connection object created successfully."}
{"level":"INFO","message":"[12:36:22.500 PM]: Connection[id: 5156e779-b146-4d82-bfab-50ee854c5880] - async connecting. Associated Snowflake domain: GLOBAL"}
{"level":"INFO","message":"[12:36:22.500 PM]: Trying to initialize Easy Logging"}
{"level":"INFO","message":"[12:36:22.529 PM]: No client config detected."}
{"level":"INFO","message":"[12:36:22.530 PM]: No config file path found. Client config will not be used."}
{"level":"INFO","message":"[12:36:22.530 PM]: Easy Logging is disabled as no config has been found"}
{"level":"INFO","message":"[12:36:22.530 PM]: Connection[id: 5156e779-b146-4d82-bfab-50ee854c5880] - authentication successful using: SNOWFLAKE"}
{"level":"INFO","message":"[12:36:26.651 PM]: Connection[id: 5156e779-b146-4d82-bfab-50ee854c5880] - connection established successfully after 4151.6 milliseconds"}
{"level":"INFO","message":"[1:09:06.346 PM]: Creating new connection object"}
{"level":"INFO","message":"[1:09:06.383 PM]: Creating Connection[id: 6cd20151-0442-4e1d-b2c1-6a2c04cd3361] with host: MVNNXMB-IX26326.snowflakecomputing.com, account: MVNNXMB-IX26326, accessUrl: https://MVNNXMB-IX26326.snowflakecomputing.com, user: KANAKPALIWAL, role: undefined, database: PTE_EXAM_PREP_PLATFORM, schema: PUBLIC, warehouse: COMPUTE_WH, proxy was not configured, password is provided, region: undefined, authenticator: SNOWFLAKE, ocsp mode: FAIL_OPEN, os: win32, os version: 10.0.19045"}
{"level":"INFO","message":"[1:09:06.384 PM]: Connection[id: 6cd20151-0442-4e1d-b2c1-6a2c04cd3361] additional details: passcode in password is provided, passcode is not provided, private key is not provided, application: undefined, client name: snowflake-sdk, client version: 2.4.1, retry timeout: 300, private key path: undefined, private key pass is not provided, client store temporary credential: false, browser response timeout: 120000"}
{"level":"INFO","message":"[1:09:06.384 PM]: Connection[id: 6cd20151-0442-4e1d-b2c1-6a2c04cd3361] - connection object created successfully."}
{"level":"INFO","message":"[1:09:06.385 PM]: Connection[id: 6cd20151-0442-4e1d-b2c1-6a2c04cd3361] - async connecting. Associated Snowflake domain: GLOBAL"}
{"level":"INFO","message":"[1:09:06.386 PM]: Trying to initialize Easy Logging"}
{"level":"INFO","message":"[1:09:06.439 PM]: No client config detected."}
{"level":"INFO","message":"[1:09:06.440 PM]: No config file path found. Client config will not be used."}
{"level":"INFO","message":"[1:09:06.440 PM]: Easy Logging is disabled as no config has been found"}
{"level":"INFO","message":"[1:09:06.444 PM]: Connection[id: 6cd20151-0442-4e1d-b2c1-6a2c04cd3361] - authentication successful using: SNOWFLAKE"}
{"level":"INFO","message":"[1:09:10.608 PM]: Connection[id: 6cd20151-0442-4e1d-b2c1-6a2c04cd3361] - connection established successfully after 4222.48 milliseconds"}
{"level":"INFO","message":"[1:49:19.535 PM]: Creating new connection object"}
{"level":"INFO","message":"[1:49:19.555 PM]: Creating Connection[id: 3bbe950e-3903-4328-b540-7150236808ff] with host: MVNNXMB-IX26326.snowflakecomputing.com, account: MVNNXMB-IX26326, accessUrl: https://MVNNXMB-IX26326.snowflakecomputing.com, user: KANAKPALIWAL, role: undefined, database: PTE_EXAM_PREP_PLATFORM, schema: PUBLIC, warehouse: COMPUTE_WH, proxy was not configured, password is provided, region: undefined, authenticator: SNOWFLAKE, ocsp mode: FAIL_OPEN, os: win32, os version: 10.0.19045"}
{"level":"INFO","message":"[1:49:19.556 PM]: Connection[id: 3bbe950e-3903-4328-b540-7150236808ff] additional details: passcode in password is provided, passcode is not provided, private key is not provided, application: undefined, client name: snowflake-sdk, client version: 2.4.1, retry timeout: 300, private key path: undefined, private key pass is not provided, client store temporary credential: false, browser response timeout: 120000"}
{"level":"INFO","message":"[1:49:19.557 PM]: Connection[id: 3bbe950e-3903-4328-b540-7150236808ff] - connection object created successfully."}
{"level":"INFO","message":"[1:49:19.557 PM]: Connection[id: 3bbe950e-3903-4328-b540-7150236808ff] - async connecting. Associated Snowflake domain: GLOBAL"}
{"level":"INFO","message":"[1:49:19.558 PM]: Trying to initialize Easy Logging"}
{"level":"INFO","message":"[1:49:19.619 PM]: No client config detected."}
{"level":"INFO","message":"[1:49:19.619 PM]: No config file path found. Client config will not be used."}
{"level":"INFO","message":"[1:49:19.620 PM]: Easy Logging is disabled as no config has been found"}
{"level":"INFO","message":"[1:49:19.620 PM]: Connection[id: 3bbe950e-3903-4328-b540-7150236808ff] - authentication successful using: SNOWFLAKE"}
{"level":"INFO","message":"[1:49:23.433 PM]: Connection[id: 3bbe950e-3903-4328-b540-7150236808ff] - connection established successfully after 3875.58 milliseconds"}
{"level":"INFO","message":"[1:57:26.062 PM]: Creating new connection object"}
{"level":"INFO","message":"[1:57:26.119 PM]: Creating Connection[id: 4ef6dc4e-7854-47f2-8da5-b2a5c21fe8e0] with host: MVNNXMB-IX26326.snowflakecomputing.com, account: MVNNXMB-IX26326, accessUrl: https://MVNNXMB-IX26326.snowflakecomputing.com, user: KANAKPALIWAL, role: undefined, database: PTE_EXAM_PREP_PLATFORM, schema: PUBLIC, warehouse: COMPUTE_WH, proxy was not configured, password is provided, region: undefined, authenticator: SNOWFLAKE, ocsp mode: FAIL_OPEN, os: win32, os version: 10.0.19045"}
{"level":"INFO","message":"[1:57:26.119 PM]: Connection[id: 4ef6dc4e-7854-47f2-8da5-b2a5c21fe8e0] additional details: passcode in password is provided, passcode is not provided, private key is not provided, application: undefined, client name: snowflake-sdk, client version: 2.4.1, retry timeout: 300, private key path: undefined, private key pass is not provided, client store temporary credential: false, browser response timeout: 120000"}
{"level":"INFO","message":"[1:57:26.120 PM]: Connection[id: 4ef6dc4e-7854-47f2-8da5-b2a5c21fe8e0] - connection object created successfully."}
{"level":"INFO","message":"[1:57:26.124 PM]: Connection[id: 4ef6dc4e-7854-47f2-8da5-b2a5c21fe8e0] - async connecting. Associated Snowflake domain: GLOBAL"}
{"level":"INFO","message":"[1:57:26.125 PM]: Trying to initialize Easy Logging"}
{"level":"INFO","message":"[1:57:26.250 PM]: No client config detected."}
{"level":"INFO","message":"[1:57:26.250 PM]: No config file path found. Client config will not be used."}
{"level":"INFO","message":"[1:57:26.250 PM]: Easy Logging is disabled as no config has been found"}
{"level":"INFO","message":"[1:57:26.251 PM]: Connection[id: 4ef6dc4e-7854-47f2-8da5-b2a5c21fe8e0] - authentication successful using: SNOWFLAKE"}
{"level":"INFO","message":"[1:57:28.983 PM]: Connection[id: 4ef6dc4e-7854-47f2-8da5-b2a5c21fe8e0] - connection established successfully after 2859.69 milliseconds"}
{"level":"INFO","message":"[1:58:37.282 PM]: Creating new connection object"}
{"level":"INFO","message":"[1:58:37.304 PM]: Creating Connection[id: 8ac5ff6d-a536-4a46-a7eb-317fe8f5a513] with host: MVNNXMB-IX26326.snowflakecomputing.com, account: MVNNXMB-IX26326, accessUrl: https://MVNNXMB-IX26326.snowflakecomputing.com, user: KANAKPALIWAL, role: undefined, database: PTE_EXAM_PREP_PLATFORM, schema: PUBLIC, warehouse: COMPUTE_WH, proxy was not configured, password is provided, region: undefined, authenticator: SNOWFLAKE, ocsp mode: FAIL_OPEN, os: win32, os version: 10.0.19045"}
{"level":"INFO","message":"[1:58:37.304 PM]: Connection[id: 8ac5ff6d-a536-4a46-a7eb-317fe8f5a513] additional details: passcode in password is provided, passcode is not provided, private key is not provided, application: undefined, client name: snowflake-sdk, client version: 2.4.1, retry timeout: 300, private key path: undefined, private key pass is not provided, client store temporary credential: false, browser response timeout: 120000"}
{"level":"INFO","message":"[1:58:37.305 PM]: Connection[id: 8ac5ff6d-a536-4a46-a7eb-317fe8f5a513] - connection object created successfully."}
{"level":"INFO","message":"[1:58:37.305 PM]: Connection[id: 8ac5ff6d-a536-4a46-a7eb-317fe8f5a513] - async connecting. Associated Snowflake domain: GLOBAL"}
{"level":"INFO","message":"[1:58:37.306 PM]: Trying to initialize Easy Logging"}
{"level":"INFO","message":"[1:58:37.388 PM]: No client config detected."}
{"level":"INFO","message":"[1:58:37.389 PM]: No config file path found. Client config will not be used."}
{"level":"INFO","message":"[1:58:37.389 PM]: Easy Logging is disabled as no config has been found"}
{"level":"INFO","message":"[1:58:37.390 PM]: Connection[id: 8ac5ff6d-a536-4a46-a7eb-317fe8f5a513] - authentication successful using: SNOWFLAKE"}
{"level":"INFO","message":"[1:58:40.054 PM]: Connection[id: 8ac5ff6d-a536-4a46-a7eb-317fe8f5a513] - connection established successfully after 2748.6 milliseconds"}
{"level":"INFO","message":"[1:59:10.221 PM]: Creating new connection object"}
{"level":"INFO","message":"[1:59:10.255 PM]: Creating Connection[id: 16a2c413-7166-46e1-886c-5bbc22896594] with host: MVNNXMB-IX26326.snowflakecomputing.com, account: MVNNXMB-IX26326, accessUrl: https://MVNNXMB-IX26326.snowflakecomputing.com, user: KANAKPALIWAL, role: undefined, database: PTE_EXAM_PREP_PLATFORM, schema: PUBLIC, warehouse: COMPUTE_WH, proxy was not configured, password is provided, region: undefined, authenticator: SNOWFLAKE, ocsp mode: FAIL_OPEN, os: win32, os version: 10.0.19045"}
{"level":"INFO","message":"[1:59:10.257 PM]: Connection[id: 16a2c413-7166-46e1-886c-5bbc22896594] additional details: passcode in password is provided, passcode is not provided, private key is not provided, application: undefined, client name: snowflake-sdk, client version: 2.4.1, retry timeout: 300, private key path: undefined, private key pass is not provided, client store temporary credential: false, browser response timeout: 120000"}
{"level":"INFO","message":"[1:59:10.258 PM]: Connection[id: 16a2c413-7166-46e1-886c-5bbc22896594] - connection object created successfully."}
{"level":"INFO","message":"[1:59:10.260 PM]: Connection[id: 16a2c413-7166-46e1-886c-5bbc22896594] - async connecting. Associated Snowflake domain: GLOBAL"}
{"level":"INFO","message":"[1:59:10.261 PM]: Trying to initialize Easy Logging"}
{"level":"INFO","message":"[1:59:10.334 PM]: No client config detected."}
{"level":"INFO","message":"[1:59:10.335 PM]: No config file path found. Client config will not be used."}
{"level":"INFO","message":"[1:59:10.336 PM]: Easy Logging is disabled as no config has been found"}
{"level":"INFO","message":"[1:59:10.336 PM]: Connection[id: 16a2c413-7166-46e1-886c-5bbc22896594] - authentication successful using: SNOWFLAKE"}
{"level":"INFO","message":"[1:59:12.961 PM]: Connection[id: 16a2c413-7166-46e1-886c-5bbc22896594] - connection established successfully after 2701.59 milliseconds"}
{"level":"INFO","message":"[1:59:21.258 PM]: Creating new connection object"}
{"level":"INFO","message":"[1:59:21.632 PM]: Creating Connection[id: 98ec8d7c-6a3f-4e03-b4ba-91539cdd5ac7] with host: MVNNXMB-IX26326.snowflakecomputing.com, account: MVNNXMB-IX26326, accessUrl: https://MVNNXMB-IX26326.snowflakecomputing.com, user: KANAKPALIWAL, role: undefined, database: PTE_EXAM_PREP_PLATFORM, schema: PUBLIC, warehouse: COMPUTE_WH, proxy was not configured, password is provided, region: undefined, authenticator: SNOWFLAKE, ocsp mode: FAIL_OPEN, os: win32, os version: 10.0.19045"}
{"level":"INFO","message":"[1:59:21.632 PM]: Connection[id: 98ec8d7c-6a3f-4e03-b4ba-91539cdd5ac7] additional details: passcode in password is provided, passcode is not provided, private key is not provided, application: undefined, client name: snowflake-sdk, client version: 2.4.1, retry timeout: 300, private key path: undefined, private key pass is not provided, client store temporary credential: false, browser response timeout: 120000"}
{"level":"INFO","message":"[1:59:21.633 PM]: Connection[id: 98ec8d7c-6a3f-4e03-b4ba-91539cdd5ac7] - connection object created successfully."}
{"level":"INFO","message":"[1:59:21.634 PM]: Connection[id: 98ec8d7c-6a3f-4e03-b4ba-91539cdd5ac7] - async connecting. Associated Snowflake domain: GLOBAL"}
{"level":"INFO","message":"[1:59:21.634 PM]: Trying to initialize Easy Logging"}
{"level":"INFO","message":"[1:59:21.687 PM]: No client config detected."}
{"level":"INFO","message":"[1:59:21.687 PM]: No config file path found. Client config will not be used."}
{"level":"INFO","message":"[1:59:21.687 PM]: Easy Logging is disabled as no config has been found"}
{"level":"INFO","message":"[1:59:21.688 PM]: Connection[id: 98ec8d7c-6a3f-4e03-b4ba-91539cdd5ac7] - authentication successful using: SNOWFLAKE"}
{"level":"INFO","message":"[1:59:24.264 PM]: Connection[id: 98ec8d7c-6a3f-4e03-b4ba-91539cdd5ac7] - connection established successfully after 2630.61 milliseconds"}
{"level":"INFO","message":"[1:59:47.143 PM]: Creating new connection object"}
{"level":"INFO","message":"[1:59:47.171 PM]: Creating Connection[id: b2895dec-f4ff-40fc-b298-b90a0daaa757] with host: MVNNXMB-IX26326.snowflakecomputing.com, account: MVNNXMB-IX26326, accessUrl: https://MVNNXMB-IX26326.snowflakecomputing.com, user: KANAKPALIWAL, role: undefined, database: PTE_EXAM_PREP_PLATFORM, schema: PUBLIC, warehouse: COMPUTE_WH, proxy was not configured, password is provided, region: undefined, authenticator: SNOWFLAKE, ocsp mode: FAIL_OPEN, os: win32, os version: 10.0.19045"}
{"level":"INFO","message":"[1:59:47.177 PM]: Connection[id: b2895dec-f4ff-40fc-b298-b90a0daaa757] additional details: passcode in password is provided, passcode is not provided, private key is not provided, application: undefined, client name: snowflake-sdk, client version: 2.4.1, retry timeout: 300, private key path: undefined, private key pass is not provided, client store temporary credential: false, browser response timeout: 120000"}
{"level":"INFO","message":"[1:59:47.177 PM]: Connection[id: b2895dec-f4ff-40fc-b298-b90a0daaa757] - connection object created successfully."}
{"level":"INFO","message":"[1:59:47.179 PM]: Connection[id: b2895dec-f4ff-40fc-b298-b90a0daaa757] - async connecting. Associated Snowflake domain: GLOBAL"}
{"level":"INFO","message":"[1:59:47.180 PM]: Trying to initialize Easy Logging"}
{"level":"INFO","message":"[1:59:47.246 PM]: No client config detected."}
{"level":"INFO","message":"[1:59:47.249 PM]: No config file path found. Client config will not be used."}
{"level":"INFO","message":"[1:59:47.250 PM]: Easy Logging is disabled as no config has been found"}
{"level":"INFO","message":"[1:59:47.251 PM]: Connection[id: b2895dec-f4ff-40fc-b298-b90a0daaa757] - authentication successful using: SNOWFLAKE"}
{"level":"INFO","message":"[1:59:51.350 PM]: Connection[id: b2895dec-f4ff-40fc-b298-b90a0daaa757] - connection established successfully after 4171.52 milliseconds"}
{"level":"INFO","message":"[2:03:06.595 PM]: Creating new connection object"}
{"level":"INFO","message":"[2:03:06.614 PM]: Creating Connection[id: 31ec8f3d-2e02-43e9-9ec1-03420b68adea] with host: MVNNXMB-IX26326.snowflakecomputing.com, account: MVNNXMB-IX26326, accessUrl: https://MVNNXMB-IX26326.snowflakecomputing.com, user: KANAKPALIWAL, role: undefined, database: PTE_EXAM_PREP_PLATFORM, schema: PUBLIC, warehouse: COMPUTE_WH, proxy was not configured, password is provided, region: undefined, authenticator: SNOWFLAKE, ocsp mode: FAIL_OPEN, os: win32, os version: 10.0.19045"}
{"level":"INFO","message":"[2:03:06.614 PM]: Connection[id: 31ec8f3d-2e02-43e9-9ec1-03420b68adea] additional details: passcode in password is provided, passcode is not provided, private key is not provided, application: undefined, client name: snowflake-sdk, client version: 2.4.1, retry timeout: 300, private key path: undefined, private key pass is not provided, client store temporary credential: false, browser response timeout: 120000"}
{"level":"INFO","message":"[2:03:06.615 PM]: Connection[id: 31ec8f3d-2e02-43e9-9ec1-03420b68adea] - connection object created successfully."}
{"level":"INFO","message":"[2:03:06.616 PM]: Connection[id: 31ec8f3d-2e02-43e9-9ec1-03420b68adea] - async connecting. Associated Snowflake domain: GLOBAL"}
{"level":"INFO","message":"[2:03:06.617 PM]: Trying to initialize Easy Logging"}
{"level":"INFO","message":"[2:03:06.653 PM]: No client config detected."}
{"level":"INFO","message":"[2:03:06.653 PM]: No config file path found. Client config will not be used."}
{"level":"INFO","message":"[2:03:06.654 PM]: Easy Logging is disabled as no config has been found"}
{"level":"INFO","message":"[2:03:06.654 PM]: Connection[id: 31ec8f3d-2e02-43e9-9ec1-03420b68adea] - authentication successful using: SNOWFLAKE"}
{"level":"INFO","message":"[2:03:10.214 PM]: Connection[id: 31ec8f3d-2e02-43e9-9ec1-03420b68adea] - connection established successfully after 3598.23 milliseconds"}
{"level":"INFO","message":"[2:27:16.715 PM]: Creating new connection object"}
{"level":"INFO","message":"[2:27:16.739 PM]: Creating Connection[id: 1abf348a-1dc9-434b-99eb-5edc47eb62da] with host: MVNNXMB-IX26326.snowflakecomputing.com, account: MVNNXMB-IX26326, accessUrl: https://MVNNXMB-IX26326.snowflakecomputing.com, user: KANAKPALIWAL, role: undefined, database: PTE_EXAM_PREP_PLATFORM, schema: PUBLIC, warehouse: COMPUTE_WH, proxy was not configured, password is provided, region: undefined, authenticator: SNOWFLAKE, ocsp mode: FAIL_OPEN, os: win32, os version: 10.0.19045"}
{"level":"INFO","message":"[2:27:16.740 PM]: Connection[id: 1abf348a-1dc9-434b-99eb-5edc47eb62da] additional details: passcode in password is provided, passcode is not provided, private key is not provided, application: undefined, client name: snowflake-sdk, client version: 2.4.1, retry timeout: 300, private key path: undefined, private key pass is not provided, client store temporary credential: false, browser response timeout: 120000"}
{"level":"INFO","message":"[2:27:16.740 PM]: Connection[id: 1abf348a-1dc9-434b-99eb-5edc47eb62da] - connection object created successfully."}
{"level":"INFO","message":"[2:27:16.741 PM]: Connection[id: 1abf348a-1dc9-434b-99eb-5edc47eb62da] - async connecting. Associated Snowflake domain: GLOBAL"}
{"level":"INFO","message":"[2:27:16.741 PM]: Trying to initialize Easy Logging"}
{"level":"INFO","message":"[2:27:16.783 PM]: No client config detected."}
{"level":"INFO","message":"[2:27:16.783 PM]: No config file path found. Client config will not be used."}
{"level":"INFO","message":"[2:27:16.783 PM]: Easy Logging is disabled as no config has been found"}
{"level":"INFO","message":"[2:27:16.784 PM]: Connection[id: 1abf348a-1dc9-434b-99eb-5edc47eb62da] - authentication successful using: SNOWFLAKE"}
{"level":"INFO","message":"[2:27:32.881 PM]: Connection[id: 1abf348a-1dc9-434b-99eb-5edc47eb62da] - connection established successfully after 16140.53 milliseconds"}
{"level":"INFO","message":"[2:28:36.351 PM]: Creating new connection object"}
{"level":"INFO","message":"[2:28:36.373 PM]: Creating Connection[id: 5119cafb-58bb-4a4f-a89b-9e2607c5b9a6] with host: MVNNXMB-IX26326.snowflakecomputing.com, account: MVNNXMB-IX26326, accessUrl: https://MVNNXMB-IX26326.snowflakecomputing.com, user: KANAKPALIWAL, role: undefined, database: PTE_EXAM_PREP_PLATFORM, schema: PUBLIC, warehouse: COMPUTE_WH, proxy was not configured, password is provided, region: undefined, authenticator: SNOWFLAKE, ocsp mode: FAIL_OPEN, os: win32, os version: 10.0.19045"}
{"level":"INFO","message":"[2:28:36.374 PM]: Connection[id: 5119cafb-58bb-4a4f-a89b-9e2607c5b9a6] additional details: passcode in password is provided, passcode is not provided, private key is not provided, application: undefined, client name: snowflake-sdk, client version: 2.4.1, retry timeout: 300, private key path: undefined, private key pass is not provided, client store temporary credential: false, browser response timeout: 120000"}
{"level":"INFO","message":"[2:28:36.375 PM]: Connection[id: 5119cafb-58bb-4a4f-a89b-9e2607c5b9a6] - connection object created successfully."}
{"level":"INFO","message":"[2:28:36.375 PM]: Connection[id: 5119cafb-58bb-4a4f-a89b-9e2607c5b9a6] - async connecting. Associated Snowflake domain: GLOBAL"}
{"level":"INFO","message":"[2:28:36.376 PM]: Trying to initialize Easy Logging"}
{"level":"INFO","message":"[2:28:36.430 PM]: No client config detected."}
{"level":"INFO","message":"[2:28:36.430 PM]: No config file path found. Client config will not be used."}
{"level":"INFO","message":"[2:28:36.431 PM]: Easy Logging is disabled as no config has been found"}
{"level":"INFO","message":"[2:28:36.431 PM]: Connection[id: 5119cafb-58bb-4a4f-a89b-9e2607c5b9a6] - authentication successful using: SNOWFLAKE"}
{"level":"INFO","message":"[2:28:44.312 PM]: Connection[id: 5119cafb-58bb-4a4f-a89b-9e2607c5b9a6] - connection established successfully after 7936.74 milliseconds"}
{"level":"INFO","message":"[2:29:05.552 PM]: Creating new connection object"}
{"level":"INFO","message":"[2:29:05.567 PM]: Creating Connection[id: 3c228ad5-f82e-4a94-991e-1431c6730c62] with host: MVNNXMB-IX26326.snowflakecomputing.com, account: MVNNXMB-IX26326, accessUrl: https://MVNNXMB-IX26326.snowflakecomputing.com, user: KANAKPALIWAL, role: undefined, database: PTE_EXAM_PREP_PLATFORM, schema: PUBLIC, warehouse: COMPUTE_WH, proxy was not configured, password is provided, region: undefined, authenticator: SNOWFLAKE, ocsp mode: FAIL_OPEN, os: win32, os version: 10.0.19045"}
{"level":"INFO","message":"[2:29:05.568 PM]: Connection[id: 3c228ad5-f82e-4a94-991e-1431c6730c62] additional details: passcode in password is provided, passcode is not provided, private key is not provided, application: undefined, client name: snowflake-sdk, client version: 2.4.1, retry timeout: 300, private key path: undefined, private key pass is not provided, client store temporary credential: false, browser response timeout: 120000"}
{"level":"INFO","message":"[2:29:05.569 PM]: Connection[id: 3c228ad5-f82e-4a94-991e-1431c6730c62] - connection object created successfully."}
{"level":"INFO","message":"[2:29:05.569 PM]: Connection[id: 3c228ad5-f82e-4a94-991e-1431c6730c62] - async connecting. Associated Snowflake domain: GLOBAL"}
{"level":"INFO","message":"[2:29:05.570 PM]: Trying to initialize Easy Logging"}
{"level":"INFO","message":"[2:29:05.587 PM]: No client config detected."}
{"level":"INFO","message":"[2:29:05.587 PM]: No config file path found. Client config will not be used."}
{"level":"INFO","message":"[2:29:05.587 PM]: Easy Logging is disabled as no config has been found"}
{"level":"INFO","message":"[2:29:05.587 PM]: Connection[id: 3c228ad5-f82e-4a94-991e-1431c6730c62] - authentication successful using: SNOWFLAKE"}
{"level":"INFO","message":"[2:29:08.957 PM]: Connection[id: 3c228ad5-f82e-4a94-991e-1431c6730c62] - connection established successfully after 3387.27 milliseconds"}
{"level":"INFO","message":"[2:32:30.415 PM]: Creating new connection object"}
{"level":"INFO","message":"[2:32:30.440 PM]: Creating Connection[id: da92e038-b73e-43f7-8f1b-bea296bd893a] with host: MVNNXMB-IX26326.snowflakecomputing.com, account: MVNNXMB-IX26326, accessUrl: https://MVNNXMB-IX26326.snowflakecomputing.com, user: KANAKPALIWAL, role: undefined, database: PTE_EXAM_PREP_PLATFORM, schema: PUBLIC, warehouse: COMPUTE_WH, proxy was not configured, password is provided, region: undefined, authenticator: SNOWFLAKE, ocsp mode: FAIL_OPEN, os: win32, os version: 10.0.19045"}
{"level":"INFO","message":"[2:32:30.441 PM]: Connection[id: da92e038-b73e-43f7-8f1b-bea296bd893a] additional details: passcode in password is provided, passcode is not provided, private key is not provided, application: undefined, client name: snowflake-sdk, client version: 2.4.1, retry timeout: 300, private key path: undefined, private key pass is not provided, client store temporary credential: false, browser response timeout: 120000"}
{"level":"INFO","message":"[2:32:30.441 PM]: Connection[id: da92e038-b73e-43f7-8f1b-bea296bd893a] - connection object created successfully."}
{"level":"INFO","message":"[2:32:30.442 PM]: Connection[id: da92e038-b73e-43f7-8f1b-bea296bd893a] - async connecting. Associated Snowflake domain: GLOBAL"}
{"level":"INFO","message":"[2:32:30.443 PM]: Trying to initialize Easy Logging"}
{"level":"INFO","message":"[2:32:30.481 PM]: No client config detected."}
{"level":"INFO","message":"[2:32:30.481 PM]: No config file path found. Client config will not be used."}
{"level":"INFO","message":"[2:32:30.482 PM]: Easy Logging is disabled as no config has been found"}
{"level":"INFO","message":"[2:32:30.482 PM]: Connection[id: da92e038-b73e-43f7-8f1b-bea296bd893a] - authentication successful using: SNOWFLAKE"}
{"level":"INFO","message":"[2:32:39.419 PM]: Connection[id: da92e038-b73e-43f7-8f1b-bea296bd893a] - connection established successfully after 8976.66 milliseconds"}
{"level":"INFO","message":"[2:33:22.853 PM]: Creating new connection object"}
{"level":"INFO","message":"[2:33:22.870 PM]: Creating Connection[id: bc26f21c-25b5-41e7-afc1-5d96fa5db131] with host: MVNNXMB-IX26326.snowflakecomputing.com, account: MVNNXMB-IX26326, accessUrl: https://MVNNXMB-IX26326.snowflakecomputing.com, user: KANAKPALIWAL, role: undefined, database: PTE_EXAM_PREP_PLATFORM, schema: PUBLIC, warehouse: COMPUTE_WH, proxy was not configured, password is provided, region: undefined, authenticator: SNOWFLAKE, ocsp mode: FAIL_OPEN, os: win32, os version: 10.0.19045"}
{"level":"INFO","message":"[2:33:22.870 PM]: Connection[id: bc26f21c-25b5-41e7-afc1-5d96fa5db131] additional details: passcode in password is provided, passcode is not provided, private key is not provided, application: undefined, client name: snowflake-sdk, client version: 2.4.1, retry timeout: 300, private key path: undefined, private key pass is not provided, client store temporary credential: false, browser response timeout: 120000"}
{"level":"INFO","message":"[2:33:22.871 PM]: Connection[id: bc26f21c-25b5-41e7-afc1-5d96fa5db131] - connection object created successfully."}
{"level":"INFO","message":"[2:33:22.871 PM]: Connection[id: bc26f21c-25b5-41e7-afc1-5d96fa5db131] - async connecting. Associated Snowflake domain: GLOBAL"}
{"level":"INFO","message":"[2:33:22.872 PM]: Trying to initialize Easy Logging"}
{"level":"INFO","message":"[2:33:22.918 PM]: No client config detected."}
{"level":"INFO","message":"[2:33:22.918 PM]: No config file path found. Client config will not be used."}
{"level":"INFO","message":"[2:33:22.919 PM]: Easy Logging is disabled as no config has been found"}
{"level":"INFO","message":"[2:33:22.919 PM]: Connection[id: bc26f21c-25b5-41e7-afc1-5d96fa5db131] - authentication successful using: SNOWFLAKE"}
{"level":"INFO","message":"[2:33:25.503 PM]: Connection[id: bc26f21c-25b5-41e7-afc1-5d96fa5db131] - connection established successfully after 2631.98 milliseconds"}
{"level":"INFO","message":"[2:34:22.654 PM]: Creating new connection object"}
{"level":"INFO","message":"[2:34:22.676 PM]: Creating Connection[id: 3e8d42cb-df15-4a37-a948-2436a1db2411] with host: MVNNXMB-IX26326.snowflakecomputing.com, account: MVNNXMB-IX26326, accessUrl: https://MVNNXMB-IX26326.snowflakecomputing.com, user: KANAKPALIWAL, role: undefined, database: PTE_EXAM_PREP_PLATFORM, schema: PUBLIC, warehouse: COMPUTE_WH, proxy was not configured, password is provided, region: undefined, authenticator: SNOWFLAKE, ocsp mode: FAIL_OPEN, os: win32, os version: 10.0.19045"}
{"level":"INFO","message":"[2:34:22.677 PM]: Connection[id: 3e8d42cb-df15-4a37-a948-2436a1db2411] additional details: passcode in password is provided, passcode is not provided, private key is not provided, application: undefined, client name: snowflake-sdk, client version: 2.4.1, retry timeout: 300, private key path: undefined, private key pass is not provided, client store temporary credential: false, browser response timeout: 120000"}
{"level":"INFO","message":"[2:34:22.678 PM]: Connection[id: 3e8d42cb-df15-4a37-a948-2436a1db2411] - connection object created successfully."}
{"level":"INFO","message":"[2:34:22.679 PM]: Connection[id: 3e8d42cb-df15-4a37-a948-2436a1db2411] - async connecting. Associated Snowflake domain: GLOBAL"}
{"level":"INFO","message":"[2:34:22.679 PM]: Trying to initialize Easy Logging"}
{"level":"INFO","message":"[2:34:22.729 PM]: No client config detected."}
{"level":"INFO","message":"[2:34:22.729 PM]: No config file path found. Client config will not be used."}
{"level":"INFO","message":"[2:34:22.730 PM]: Easy Logging is disabled as no config has been found"}
{"level":"INFO","message":"[2:34:22.730 PM]: Connection[id: 3e8d42cb-df15-4a37-a948-2436a1db2411] - authentication successful using: SNOWFLAKE"}
{"level":"INFO","message":"[2:34:27.120 PM]: Connection[id: 3e8d42cb-df15-4a37-a948-2436a1db2411] - connection established successfully after 4441.5 milliseconds"}
{"level":"INFO","message":"[2:34:49.124 PM]: Creating new connection object"}
{"level":"INFO","message":"[2:34:49.142 PM]: Creating Connection[id: 25a05834-24ed-479d-a10a-a44db2cca3e1] with host: MVNNXMB-IX26326.snowflakecomputing.com, account: MVNNXMB-IX26326, accessUrl: https://MVNNXMB-IX26326.snowflakecomputing.com, user: KANAKPALIWAL, role: undefined, database: PTE_EXAM_PREP_PLATFORM, schema: PUBLIC, warehouse: COMPUTE_WH, proxy was not configured, password is provided, region: undefined, authenticator: SNOWFLAKE, ocsp mode: FAIL_OPEN, os: win32, os version: 10.0.19045"}
{"level":"INFO","message":"[2:34:49.142 PM]: Connection[id: 25a05834-24ed-479d-a10a-a44db2cca3e1] additional details: passcode in password is provided, passcode is not provided, private key is not provided, application: undefined, client name: snowflake-sdk, client version: 2.4.1, retry timeout: 300, private key path: undefined, private key pass is not provided, client store temporary credential: false, browser response timeout: 120000"}
{"level":"INFO","message":"[2:34:49.142 PM]: Connection[id: 25a05834-24ed-479d-a10a-a44db2cca3e1] - connection object created successfully."}
{"level":"INFO","message":"[2:34:49.143 PM]: Connection[id: 25a05834-24ed-479d-a10a-a44db2cca3e1] - async connecting. Associated Snowflake domain: GLOBAL"}
{"level":"INFO","message":"[2:34:49.144 PM]: Trying to initialize Easy Logging"}
{"level":"INFO","message":"[2:34:49.173 PM]: No client config detected."}
{"level":"INFO","message":"[2:34:49.173 PM]: No config file path found. Client config will not be used."}
{"level":"INFO","message":"[2:34:49.173 PM]: Easy Logging is disabled as no config has been found"}
{"level":"INFO","message":"[2:34:49.173 PM]: Connection[id: 25a05834-24ed-479d-a10a-a44db2cca3e1] - authentication successful using: SNOWFLAKE"}
{"level":"INFO","message":"[2:34:52.125 PM]: Connection[id: 25a05834-24ed-479d-a10a-a44db2cca3e1] - connection established successfully after 2981.66 milliseconds"}
{"level":"INFO","message":"[2:36:52.015 PM]: Creating new connection object"}
{"level":"INFO","message":"[2:36:52.034 PM]: Creating Connection[id: 9f16efc2-85d8-4fb9-9eda-42b321baf692] with host: MVNNXMB-IX26326.snowflakecomputing.com, account: MVNNXMB-IX26326, accessUrl: https://MVNNXMB-IX26326.snowflakecomputing.com, user: KANAKPALIWAL, role: undefined, database: PTE_EXAM_PREP_PLATFORM, schema: PUBLIC, warehouse: COMPUTE_WH, proxy was not configured, password is provided, region: undefined, authenticator: SNOWFLAKE, ocsp mode: FAIL_OPEN, os: win32, os version: 10.0.19045"}
{"level":"INFO","message":"[2:36:52.035 PM]: Connection[id: 9f16efc2-85d8-4fb9-9eda-42b321baf692] additional details: passcode in password is provided, passcode is not provided, private key is not provided, application: undefined, client name: snowflake-sdk, client version: 2.4.1, retry timeout: 300, private key path: undefined, private key pass is not provided, client store temporary credential: false, browser response timeout: 120000"}
{"level":"INFO","message":"[2:36:52.035 PM]: Connection[id: 9f16efc2-85d8-4fb9-9eda-42b321baf692] - connection object created successfully."}
{"level":"INFO","message":"[2:36:52.036 PM]: Connection[id: 9f16efc2-85d8-4fb9-9eda-42b321baf692] - async connecting. Associated Snowflake domain: GLOBAL"}
{"level":"INFO","message":"[2:36:52.037 PM]: Trying to initialize Easy Logging"}
{"level":"INFO","message":"[2:36:52.076 PM]: No client config detected."}
{"level":"INFO","message":"[2:36:52.076 PM]: No config file path found. Client config will not be used."}
{"level":"INFO","message":"[2:36:52.077 PM]: Easy Logging is disabled as no config has been found"}
{"level":"INFO","message":"[2:36:52.077 PM]: Connection[id: 9f16efc2-85d8-4fb9-9eda-42b321baf692] - authentication successful using: SNOWFLAKE"}
{"level":"INFO","message":"[2:36:57.323 PM]: Connection[id: 9f16efc2-85d8-4fb9-9eda-42b321baf692] - connection established successfully after 5286.34 milliseconds"}
{"level":"INFO","message":"[2:37:37.058 PM]: Creating new connection object"}
{"level":"INFO","message":"[2:37:37.082 PM]: Creating Connection[id: c4cf59ed-49ee-4229-8c47-200abcd06922] with host: MVNNXMB-IX26326.snowflakecomputing.com, account: MVNNXMB-IX26326, accessUrl: https://MVNNXMB-IX26326.snowflakecomputing.com, user: KANAKPALIWAL, role: undefined, database: PTE_EXAM_PREP_PLATFORM, schema: PUBLIC, warehouse: COMPUTE_WH, proxy was not configured, password is provided, region: undefined, authenticator: SNOWFLAKE, ocsp mode: FAIL_OPEN, os: win32, os version: 10.0.19045"}
{"level":"INFO","message":"[2:37:37.082 PM]: Connection[id: c4cf59ed-49ee-4229-8c47-200abcd06922] additional details: passcode in password is provided, passcode is not provided, private key is not provided, application: undefined, client name: snowflake-sdk, client version: 2.4.1, retry timeout: 300, private key path: undefined, private key pass is not provided, client store temporary credential: false, browser response timeout: 120000"}
{"level":"INFO","message":"[2:37:37.083 PM]: Connection[id: c4cf59ed-49ee-4229-8c47-200abcd06922] - connection object created successfully."}
{"level":"INFO","message":"[2:37:37.084 PM]: Connection[id: c4cf59ed-49ee-4229-8c47-200abcd06922] - async connecting. Associated Snowflake domain: GLOBAL"}
{"level":"INFO","message":"[2:37:37.085 PM]: Trying to initialize Easy Logging"}
{"level":"INFO","message":"[2:37:37.124 PM]: No client config detected."}
{"level":"INFO","message":"[2:37:37.124 PM]: No config file path found. Client config will not be used."}
{"level":"INFO","message":"[2:37:37.125 PM]: Easy Logging is disabled as no config has been found"}
{"level":"INFO","message":"[2:37:37.125 PM]: Connection[id: c4cf59ed-49ee-4229-8c47-200abcd06922] - authentication successful using: SNOWFLAKE"}
{"level":"INFO","message":"[2:37:39.974 PM]: Connection[id: c4cf59ed-49ee-4229-8c47-200abcd06922] - connection established successfully after 2889.63 milliseconds"}
{"level":"INFO","message":"[2:42:34.443 PM]: Creating new connection object"}
{"level":"INFO","message":"[2:42:34.466 PM]: Creating Connection[id: fcc6dbdb-e83a-4fa1-aade-52e373192513] with host: MVNNXMB-IX26326.snowflakecomputing.com, account: MVNNXMB-IX26326, accessUrl: https://MVNNXMB-IX26326.snowflakecomputing.com, user: KANAKPALIWAL, role: undefined, database: PTE_EXAM_PREP_PLATFORM, schema: PUBLIC, warehouse: COMPUTE_WH, proxy was not configured, password is provided, region: undefined, authenticator: SNOWFLAKE, ocsp mode: FAIL_OPEN, os: win32, os version: 10.0.19045"}
{"level":"INFO","message":"[2:42:34.467 PM]: Connection[id: fcc6dbdb-e83a-4fa1-aade-52e373192513] additional details: passcode in password is provided, passcode is not provided, private key is not provided, application: undefined, client name: snowflake-sdk, client version: 2.4.1, retry timeout: 300, private key path: undefined, private key pass is not provided, client store temporary credential: false, browser response timeout: 120000"}
{"level":"INFO","message":"[2:42:34.468 PM]: Connection[id: fcc6dbdb-e83a-4fa1-aade-52e373192513] - connection object created successfully."}
{"level":"INFO","message":"[2:42:34.469 PM]: Connection[id: fcc6dbdb-e83a-4fa1-aade-52e373192513] - async connecting. Associated Snowflake domain: GLOBAL"}
{"level":"INFO","message":"[2:42:34.470 PM]: Trying to initialize Easy Logging"}
{"level":"INFO","message":"[2:42:34.516 PM]: No client config detected."}
{"level":"INFO","message":"[2:42:34.516 PM]: No config file path found. Client config will not be used."}
{"level":"INFO","message":"[2:42:34.516 PM]: Easy Logging is disabled as no config has been found"}
{"level":"INFO","message":"[2:42:34.517 PM]: Connection[id: fcc6dbdb-e83a-4fa1-aade-52e373192513] - authentication successful using: SNOWFLAKE"}
{"level":"INFO","message":"[2:42:38.481 PM]: Connection[id: fcc6dbdb-e83a-4fa1-aade-52e373192513] - connection established successfully after 4012.11 milliseconds"}
{"level":"INFO","message":"[2:42:48.679 PM]: Creating new connection object"}
{"level":"INFO","message":"[2:42:48.698 PM]: Creating Connection[id: eb13df77-8bd5-4407-869e-6cab1afcd2b7] with host: MVNNXMB-IX26326.snowflakecomputing.com, account: MVNNXMB-IX26326, accessUrl: https://MVNNXMB-IX26326.snowflakecomputing.com, user: KANAKPALIWAL, role: undefined, database: PTE_EXAM_PREP_PLATFORM, schema: PUBLIC, warehouse: COMPUTE_WH, proxy was not configured, password is provided, region: undefined, authenticator: SNOWFLAKE, ocsp mode: FAIL_OPEN, os: win32, os version: 10.0.19045"}
{"level":"INFO","message":"[2:42:48.698 PM]: Connection[id: eb13df77-8bd5-4407-869e-6cab1afcd2b7] additional details: passcode in password is provided, passcode is not provided, private key is not provided, application: undefined, client name: snowflake-sdk, client version: 2.4.1, retry timeout: 300, private key path: undefined, private key pass is not provided, client store temporary credential: false, browser response timeout: 120000"}
{"level":"INFO","message":"[2:42:48.699 PM]: Connection[id: eb13df77-8bd5-4407-869e-6cab1afcd2b7] - connection object created successfully."}
{"level":"INFO","message":"[2:42:48.700 PM]: Connection[id: eb13df77-8bd5-4407-869e-6cab1afcd2b7] - async connecting. Associated Snowflake domain: GLOBAL"}
{"level":"INFO","message":"[2:42:48.700 PM]: Trying to initialize Easy Logging"}
{"level":"INFO","message":"[2:42:48.729 PM]: No client config detected."}
{"level":"INFO","message":"[2:42:48.729 PM]: No config file path found. Client config will not be used."}
{"level":"INFO","message":"[2:42:48.729 PM]: Easy Logging is disabled as no config has been found"}
{"level":"INFO","message":"[2:42:48.730 PM]: Connection[id: eb13df77-8bd5-4407-869e-6cab1afcd2b7] - authentication successful using: SNOWFLAKE"}
{"level":"INFO","message":"[2:42:50.579 PM]: Connection[id: eb13df77-8bd5-4407-869e-6cab1afcd2b7] - connection established successfully after 1879.88 milliseconds"}
